ax,ay,bx,by,ax2,ay2
-0.007889182798,0.00237643858,63,55,0.5029814837,-0.8692958781
0.006744713083,0.002344932867,97,85,-0.345762831,-0.8006807063
-0.002293887486,0.007954814592,99,61,-0.7729051389,-0.5147563099
-0.004706130829,-0.005603271131,73,69,0.6564524495,0.613374292
-0.01138860572,0.006739113276,59,90,0.3280722626,-0.3934798052
-0.002604512937,-0.002655777478,95,99,0.752571271,0.7370780297
0.003242896721,-0.004095646037,89,91,-0.7113821918,0.6272962106
0.005960298922,0.001645746714,43,93,-0.7437071464,-0.8469455556
0.02313055981,-0.0005235585071,25,71,-0.4217360047,0.962827346
-0.008656168732,0.005881513845,61,77,0.4719737073,-0.5471234339
-0.004082469172,0.0009216695178,85,93,0.6529901204,-0.9142847348
0.00522810514,-0.002812761782,87,65,-0.5451548528,0.8171704841
-0.004569032207,-0.0031433799,79,91,0.6390464556,0.7139524291
0.004365635245,0.003331940432,79,71,-0.6551148156,0.7634322293
0.005905092587,0.002475288147,63,85,0.627979167,-0.7896005075
-0.03310620685,-0.0004467388845,19,75,0.3709820698,0.9664945837
0.006594239281,0.01870393796,50,33,-0.670288036,-0.3827700474
-0.01035718826,0.005490202109,93,59,-0.03678149167,-0.6760780756
0.004665751923,-0.005513456201,89,70,-0.5847480788,0.614058066
0.009362941913,0.004295445143,97,87,0.09179463443,-0.6262962726
-0.00074458674,-0.00407832872,95,91,-0.9292642597,0.6288720865
0.00112930161,0.001142020765,85,73,-0.9040093632,-0.9166324841
0.0008368786584,-0.003179648198,91,95,-0.9238440421,0.6979334212
-0.01190655378,-0.007876232029,81,77,0.0355691437,0.3935301337
-0.0009778266904,0.00722875994,93,83,0.9090621178,-0.400012925
0.003160382106,0.008541371494,63,97,0.8008959273,-0.1714869651
0.0004923585763,0.006908309217,79,95,-0.9611036725,-0.3437106244
-0.01303213324,0.006052692091,53,82,0.3092969383,-0.5036792485
0.005225011961,-0.007368597658,53,75,-0.7230743661,0.4473551756
0.01875844805,0.0005976282671,41,69,-0.2309036299,-0.9587636496
-0.02105502789,-0.002488751366,39,83,0.1788539122,-0.7934336366
-0.01131537102,-0.007957491539,53,82,0.4002853359,0.3474856938
0.005697799722,-0.00450413988,89,95,-0.4928958247,0.5721067114
-0.003814419735,-0.002964471941,59,99,0.7749492356,-0.7065172778
0.002793760092,-0.007588401768,85,99,-0.7625303922,-0.2487482249
-0.006933940613,-0.01017083041,57,97,0.604765385,-0.01342945005
0.003607469966,0.001128251882,89,81,-0.678935173,-0.9086115976
-0.002194581477,0.0003425289005,71,95,0.8441847151,-0.9674597545
-0.01378610703,0.002333769798,63,71,0.1314752573,-0.8343023443
0.0135180819,-0.01270920635,63,53,-0.14836084,0.3264120632
0.001269029251,-0.007387576869,97,89,-0.8769041627,0.3425056587
-0.001480878434,-0.008412202361,82,83,0.8785679684,0.301787204
0.002830363177,-0.008959643143,85,99,0.75941913,0.1129953289
0.00919522529,-0.008057864068,81,89,-0.2551867515,0.2828500979
-0.008108272591,-0.007343122085,89,73,0.2783637394,0.4639520878
-0.009661387465,-0.006039867279,97,73,0.06284541591,0.5590896886
0.01013981563,0.006073635349,97,95,0.01643788426,-0.4230046418
0.01317893844,-0.008679153119,61,85,-0.1960847553,0.2622719849
-0.0004466192682,-0.001418615473,87,67,0.9611441237,0.9049527633
0.004208622516,0.01138951957,71,79,-0.7011878014,-0.1002279538
-0.01392469426,-0.003568412273,59,95,0.1784430388,0.6610008341
-0.001400619408,0.01372160958,73,65,0.8977547832,-0.1080953771
-0.005378852734,0.002561181478,59,95,0.6826476887,-0.7566877596
0.01019922803,0.006174505556,95,99,-0.03107333705,-0.3887239499
0.01462453062,-0.003741721521,59,93,-0.1371526932,0.6520198985
0.01012861429,0.01115500528,63,79,-0.3618972996,0.1187545826
-0.002620762778,-0.01250780286,91,79,0.7615105872,-0.01188357416
-0.0106732869,0.003008321713,73,82,-0.2208500561,0.7533176195
0.002864554739,-0.001017037889,73,65,-0.790887504,0.9338925372
0.004461672817,0.000251922642,93,65,-0.585064428,-0.9836250283
-0.008354085009,0.01027994911,85,89,0.2899027742,-0.08508452957
0.01084633985,-0.00317053545,91,47,-0.01298307386,0.8509848338
-0.005701226286,-0.01655810419,61,58,0.6522251965,-0.03962995702
-0.007494967826,0.001867549363,97,65,0.2729881209,-0.8786092914
0.0119524423,0.002870816753,39,85,-0.5338547502,-0.755980576
-0.0108715202,-0.01223539581,55,41,0.4020663888,0.498348772
-0.001159917669,0.0008244689992,55,81,0.9362045282,-0.9332180111
0.003005251633,0.002686911243,39,97,-0.8827951863,-0.7393696094
0.008600499572,-0.001345733687,75,98,-0.3549625321,-0.8681180987
0.01617219204,-0.0002514543191,49,87,-0.2075625902,0.9781234742
-0.001382356736,-0.003638071709,77,97,0.8935585313,0.6471070442
-0.01075068244,0.003897927107,71,77,0.2367015468,-0.6998596127
-0.01021318827,-0.006224766201,79,94,0.1931581268,0.4148719771
0.009507263104,-0.009877570579,97,91,0.07779547891,0.1011410773
0.007374491143,0.005065121742,95,73,-0.2994233414,-0.6302461128
-0.002092926187,-0.004375078378,59,73,0.876517355,0.6806192784
0.006606997289,0.01212431158,71,61,-0.5309031925,0.2604169937
-0.01687550369,0.00532303474,45,76,0.2406023338,0.5954493598
-0.001945610374,-0.0122334444,61,47,0.8813177672,-0.4250281131
0.00554582831,0.00755654812,93,79,-0.4842379672,-0.4030326985
-0.003224042998,0.009910236199,97,99,-0.6872678292,0.01888661632
0.0004724468612,-0.006446139889,87,89,-0.9588971231,0.4262935499
-0.007240405657,-0.002388875481,99,73,0.28319984,0.8256120899
-0.005138441748,-0.007826098723,89,55,0.5426786845,-0.5695645703
0.006442161625,0.005979792862,89,86,-0.4266476154,-0.4857378139
0.01254917739,0.009267202983,79,78,0.008614985924,-0.2771581673
0.005265607166,0.004837945315,87,91,-0.5418921766,-0.5597469763
-0.000781617368,0.003583178575,75,94,0.9413786974,-0.6631812139
-0.007248430344,-0.01044875439,99,91,-0.282405396,0.04916335059
-0.002409370611,-0.01011546008,97,57,0.7662910508,0.4234187752
0.01211866058,-0.008110963967,43,75,-0.478897595,0.3916777025
0.006821101545,0.007728038578,97,85,-0.3383531501,-0.3431167209
-0.01289735682,-0.01557197919,67,57,0.1358770929,0.1123971864
-0.005210058528,0.001058563549,93,73,0.5154645569,-0.922724861
-0.002600746621,0.008991953507,53,95,0.8621604291,0.1457644168
0.001413855355,0.007201872042,85,89,0.8798222948,-0.3590333883
-0.001624699692,0.003054661491,87,95,0.8586511268,-0.7098071584
-0.01056431667,0.01142191338,91,33,0.03864718269,-0.6230768585
-0.00603953535,0.001540924646,61,75,0.6315883437,-0.8844306516
0.004816461424,0.002312131317,93,83,-0.5520690875,-0.8080931007
0.004406080893,0.006532655615,61,59,-0.7312290655,-0.6145733187
-0.002373120421,0.003790144249,77,69,0.8172697276,-0.7384800468
0.002558499326,0.01579060973,73,63,-0.8132295492,0.005191587156
0.008445782265,-0.006581736999,91,75,0.2314338139,0.5063697251
-0.006085848041,-0.01988907746,81,50,0.5070463086,-0.005546127243
0.004918882915,-0.00384465736,97,87,-0.5228683572,0.6655148097
0.006894030625,-0.004979039737,87,95,-0.4002193356,-0.526991225
-0.00863549977,0.006530421151,73,83,0.3696085168,-0.4579750444
0.005975605769,0.002371551916,97,91,-0.4203662404,-0.7841887757
0.001169763819,0.009288573334,97,81,-0.8865329095,-0.2476255599
0.003783752942,-0.01855033717,99,29,-0.6254084587,0.4620402221
0.01378207764,-0.00812190291,46,95,-0.3660244283,0.2284192236
-0.006038348145,0.003588202027,97,98,0.4142802299,-0.6483562013
-0.006609176395,0.006258676516,97,83,0.3589098897,-0.4805298492
-0.01200967658,0.00112650886,77,59,0.07525490316,-0.9335359773
0.004906031498,0.02185480129,97,23,-0.5241149447,-0.4973395703
0.01210486762,-0.01121067527,76,81,-0.08003006118,0.09193530312
-0.001412544877,0.000805859091,77,100,0.8912340445,-0.9194140909
0.008123194978,-0.005702443643,97,99,-0.2120500871,0.4354580793
-0.000924197327,0.00457282871,25,73,0.9768950668,-0.6661835042
0.01092101737,0.004606106293,87,64,0.0498714887,0.7052091973
0.01374075444,0.005729600441,67,91,0.07936945263,-0.4786063598
-0.002173229505,0.007998144166,61,51,0.8674330002,-0.5920946476
0.007807039386,-0.00377603526,93,95,-0.2739453371,0.6412766503
0.001635009665,0.009709069454,79,99,-0.8708342365,-0.03880212407
-0.0023772807,0.002004913462,85,74,0.7979311405,0.8516364038
-0.01069347464,0.009134635155,93,73,0.005506858518,0.3331716337
0.0108250028,-0.005630751553,91,96,-0.01492474552,0.4594478509
0.004756073169,0.005310657193,95,63,-0.5481730489,-0.6654285968
0.01237440384,-0.009508160455,63,95,0.220412558,-0.09672475675
-0.000301526083,0.01004459173,43,89,0.9870343784,-0.1060313362
-0.007157482251,0.002483914085,87,83,0.3772990442,-0.7938351309
-0.007394805971,0.00419352578,53,83,-0.6080752835,-0.6519373603
-0.002644590934,-0.001337797097,73,65,0.8069448618,0.9130431887
-0.008388683965,-0.01006405033,97,99,0.1862976554,-0.003659016967
-0.00551214551,-0.008625824044,53,95,-0.707856288,0.1805467158
0.003624206016,-0.001342811689,67,73,-0.757178197,0.9019747467
-0.004086732918,-0.004354321655,71,77,0.7098419628,0.6647172325
0.002959077978,0.003829112693,95,89,-0.7188875921,-0.6592089703
0.007525041781,-0.003508735912,69,61,-0.4807721171,-0.7859671094
-0.01149141999,0.004380201724,43,99,0.5058689404,0.5663600293
-0.00646958446,-0.0015326623,81,95,0.4759636587,0.8543970815
-0.007352959018,0.008932815818,55,91,0.595587254,-0.1871137605
0.008751279154,-0.006238749719,73,85,-0.3611566217,0.4697062739
-0.01245935049,-0.006699588795,53,95,0.3396544241,0.3635390645
-0.01272280364,-0.009016451524,65,73,0.1730177637,0.3417990388
-0.008526509598,-0.005591707903,65,89,0.4457768761,0.5023379966
-0.0005060950302,0.00501069732,91,85,0.9539453523,-0.5740907278
-0.0002019983448,0.005239930754,91,97,0.9816181506,-0.4917267169
0.008945383214,0.001460480717,79,75,-0.2933147261,-0.8904639462
-0.007966561064,-0.006042695839,91,73,0.2750429431,0.5588832037
-0.01735977858,0.007828278796,54,97,0.06257195685,-0.2406569568
-0.01547538879,-0.006776163025,57,71,0.1179028389,-0.5188924252
-0.0003031947009,0.009865972391,59,79,0.9821115126,-0.2205881811
0.002211802657,0.001420565711,57,79,-0.8739272486,-0.8877753088
-0.007042519886,0.007689195821,61,97,0.5704062869,-0.2541480053
-0.008253796108,-0.007858471782,64,87,-0.4717570491,0.3163129549
-0.007346881444,-0.01444311768,87,55,0.3608213144,0.2056285279
0.009855530937,0.0002026971671,71,65,-0.3002573035,-0.9868246841
0.005900416968,0.007276227409,73,98,-0.5692695614,0.2869297139
0.003653375442,-0.0008147253004,71,83,-0.7406103436,0.9323778001
-0.01039982842,-0.01014020723,89,53,-0.07441527088,0.4625690168
0.009657760363,-0.007523448271,95,77,-0.08251276554,0.4206944832
-0.006928394556,-0.01165689545,91,59,0.3695160954,-0.3122431685
0.004650675206,0.0005107465871,75,91,-0.6511993596,-0.9535220606
-0.001682476959,0.002882681338,79,59,0.8670843202,-0.8299218011
0.01082980459,-0.004437375454,55,43,0.4043607475,0.8091928555
0.005031682786,0.001012213439,81,79,-0.5924336944,-0.9200351383
-0.006376387517,-0.002581530503,73,95,0.5345237113,0.7547546023
-0.0003032138805,0.01038715111,65,93,0.9802910978,-0.03399494679
-0.00259595566,0.004566070714,64,91,0.8338588378,-0.584487565
0.004232440975,0.006963235357,97,98,-0.5894532254,0.317602935
0.007685965171,0.006179266039,97,93,-0.2544613784,0.4253282583
0.004427991884,-0.009519938743,99,95,-0.5616288035,0.09560581945
0.00820048094,-0.001717121907,59,91,-0.5161716245,0.8437419064
-0.004137696697,0.01317902984,59,73,0.7558758949,0.03793082191
0.009006169707,0.002170010586,83,95,-0.2524879143,-0.7938489943
-0.002731846717,0.003872529878,57,55,0.8442847371,-0.7870108567
0.003849671716,-0.0116050588,57,85,-0.7805687122,0.01357000202
0.005810214645,0.004438034923,31,85,-0.819883346,-0.6227670315
0.004433398017,-0.0008606714338,71,83,-0.6852287408,0.928564271
-0.01839681959,0.001754354966,43,77,0.2089367575,-0.8649146676
0.00699761614,0.008563603318,93,85,-0.3492216989,-0.2720937179
-0.01033550645,0.006787580029,82,85,-0.152488471,0.4230556976
0.001894897922,0.002946244631,83,87,-0.8427234725,-0.7436767171
-0.0007031810873,0.007099322111,87,89,0.9388232454,-0.3681603321
0.007514342988,0.01994342906,71,41,-0.4664816479,-0.1823194086
-0.009979753318,0.01366722554,91,54,-0.09184244802,-0.2619698207
-0.003859354767,-0.005071408317,89,90,0.6565174257,-0.5435732515
-0.0008855455597,0.001428962103,91,95,0.9194153541,-0.8642486002
0.005440804743,-0.001914950439,91,80,-0.5048867684,-0.8468039649
-0.001563863593,-0.01061979799,98,83,0.8467413679,-0.1185567668
0.0120878911,-0.005484217871,68,97,-0.1780234052,0.4680308665
0.00950818182,0.002809150693,97,66,0.07770636349,-0.8145960543
0.01900336999,0.005527867473,52,81,0.01182476076,-0.5522427347
-0.01562940674,0.0003589385212,53,71,0.1716414429,-0.974515365
0.001392912279,0.001128837657,85,79,-0.8816024563,-0.9108218251
-0.002811846813,0.001885966082,94,77,0.7356863996,0.8547806117
0.003523129971,-0.004547662266,47,91,-0.8344128913,0.5861627338
0.00707953774,0.004087979657,61,27,-0.5681481978,-0.8896245493
0.007174720755,0.0001343848746,81,85,-0.4188476188,-0.9885772857
0.003183781254,0.002724641573,92,91,-0.7070921246,-0.7520576168
-0.00574041158,-0.01021714977,95,96,0.4546608999,-0.01915362164
-0.0006817140353,-0.005039612945,87,91,0.9406908789,0.541395222
-0.00567732872,0.003671579281,91,85,0.4833630865,-0.6879157611
-0.00389619402,0.01005116818,45,97,0.8246712691,0.0250366863
-0.005045298847,-0.00868715419,73,81,0.6316931842,0.2963405106
0.004356489343,-0.006789631939,63,97,-0.7255411714,-0.3414057019
-0.008854068958,0.004236830064,83,55,0.2651122765,-0.7669743465
0.005268471986,-0.01048370163,83,88,-0.5627168252,-0.07743425633
-0.001156613125,-0.01953099754,88,17,-0.898218045,0.6679730419
-0.009618130008,-0.0111479099,99,53,-0.04780512917,0.4091607755
0.003313150155,-0.007408640105,98,67,0.6753112849,0.503621113
0.003018533889,0.0008064832095,65,71,-0.8037952972,-0.9427396921
0.007389972989,-0.002749848133,97,61,-0.28317262,0.8322592639
-0.003545443767,-0.001645788875,81,59,0.7128190548,0.9028984564
0.007242554035,0.006918252662,49,76,-0.6451148523,-0.4742127977
-0.0002281565892,-0.004195124603,87,77,0.9801503767,0.6769754056
-0.002822828304,-0.005165143127,79,89,0.776996564,0.5403022617
-0.001979908947,0.008873076124,35,93,0.9307031869,-0.1748039205
0.004376812417,-0.02250271006,74,35,0.6761158812,-0.2124051478
-0.0116570086,0.01204190208,71,69,0.1723523892,-0.1691087567
0.0024563847,-0.005006130942,55,94,-0.8648988415,-0.5294236914
0.001920558037,0.0112882689,97,27,-0.8137058704,-0.6952167398
-0.01115044383,0.008266031638,75,47,0.1637167129,-0.611496513
-0.00965295225,-0.004594254966,74,91,-0.2856815335,-0.5819227981
0.01524687523,0.006300712156,59,51,-0.1004343612,0.67866368
-0.01094524875,-0.01259899479,80,79,-0.1243801001,-0.004679411902
-0.004460913271,-0.0009640519507,75,91,0.6654315047,0.9122712725
-0.0002922543196,0.0009227311717,65,98,0.9810034692,-0.9095723452
0.009529459551,0.0007647341456,93,95,-0.1137602617,-0.9273502562
-0.00821360159,-0.007577515294,63,82,0.4825430998,-0.3786437459
0.0002184726082,0.009981876868,59,53,-0.9871101161,-0.470960526
-0.00253616487,0.0006461576436,67,100,0.8300769537,0.9353842356
0.002958660027,-0.008248633857,79,97,-0.7662658579,0.1998825159
-0.002294711918,-0.005175075368,69,71,0.8416648776,0.6325696489
-0.01195234271,-0.005699353691,75,59,0.1035742965,-0.6637381322
0.008921292906,-0.007998496538,97,85,-0.1346345881,-0.3201277942
0.003327196355,-0.01820397694,45,43,-0.850276164,0.2172289914
0.004706912674,-0.003023552274,87,65,-0.5904985974,0.8034691022
-0.01344719211,0.003648893788,69,77,-0.07214374461,-0.7190351783
-0.01490301827,-0.00690859007,47,65,0.2995581413,-0.5509416455
-0.000398603916,0.004738093361,59,43,0.976482369,-0.7962619855
0.01295466608,-0.003282950828,61,96,-0.2097653692,0.6848367205
0.009636885584,-0.005673476738,97,73,-0.06522209837,0.5858361981
-0.001294828398,0.001792395684,94,79,0.8782861306,0.858400741
0.007124999879,0.004929475413,79,27,-0.4371250096,-0.8669041638
0.003101879893,0.009797530034,71,33,-0.7797665276,-0.6766815089
-0.008777518497,0.002555392815,99,35,0.1310256688,-0.9105612515
-0.002078908838,-0.01106122794,69,70,0.8565552902,0.2257140445
0.002736838575,-0.002001485126,87,85,-0.761895044,0.8298737643
0.004242752866,-0.002816174408,80,91,0.6605797707,0.7437281289
0.001009172788,-0.0005999300245,91,83,-0.9081652763,0.950205808
-0.009730721579,0.001150290573,77,83,0.2507344384,-0.9045258825
0.006152413202,-0.004752787158,97,95,-0.4032159194,-0.54848522
0.005892002313,-0.007108259209,71,90,-0.5816678358,0.3602566712
0.02992344079,-0.00192778111,25,78,-0.2519139803,-0.8496330734
-0.00216682275,0.002450941883,76,35,-0.835321471,-0.9142170341
0.0009030203775,-0.004486346622,75,91,-0.9322734717,0.5917424574
-0.005467378991,-0.004325116325,91,93,0.5024685118,0.5977641817
0.02260500527,-0.004214003151,29,89,-0.3444548472,0.6249537196
0.006935991413,0.01041206788,97,87,-0.327208833,-0.0941500942
-0.0003800038894,-0.005225988932,93,85,0.9646596383,0.5557909408
0.000152179501,0.003702761732,83,61,-0.9873691014,-0.7741315343
-0.004795053225,0.0002646008583,81,89,0.6116006887,-0.9764505236
-0.004363880546,0.0007968116186,67,73,-0.7076200034,-0.9418327518
0.002516725664,0.005609720621,71,95,0.8213124778,-0.467076541
0.01783666113,-0.001356431206,53,77,-0.05465696026,0.8955547971
0.01298547368,0.009906297072,54,89,0.2987844211,-0.1183395606
0.004398077987,-0.003873058588,87,97,-0.6173672151,0.624313317
-0.003286387257,-0.02077084314,89,35,0.7075115342,-0.27302049
-0.003806996235,-0.001864800642,95,71,-0.6383353577,0.8675991544
-0.008216574882,0.007073217621,42,43,-0.654903855,-0.6958516423
0.0007106675235,-0.006095700647,33,71,-0.9765479717,0.5672052541
0.008960653287,0.00230096833,91,43,0.1845805509,-0.9010583618
-0.008164355644,0.0001869057226,98,95,-0.1998931469,-0.9822439564
-0.0008568903143,0.01346012493,96,67,-0.9177385298,-0.09817162968
-0.0006593091572,0.007470750718,87,89,0.9426401033,-0.3351031861
-0.004904179234,-0.004619676923,84,79,0.5880489444,0.6350455231
-0.006527729589,-0.01704914133,85,49,0.4451429849,0.1645920749
0.001189453671,0.01016547549,81,95,0.9036542526,-0.03427982815
0.0005003944173,0.004283886462,93,79,-0.9534633192,-0.6615729695
0.009279041301,-0.001859276873,97,85,-0.09993299383,0.8419614658
-0.01004118131,-0.004642469469,73,55,0.2669937641,0.7446641792
-0.01600400305,-0.00979301812,49,99,0.2158038505,0.03049120616
0.008065289049,-0.003442590131,95,63,-0.2337975403,0.7831168217
-0.004025502221,0.02039860018,89,37,0.6417303023,-0.2452517932
-0.004116030649,0.01041296752,51,55,0.7900824369,-0.4272867863
-0.007389871376,-0.003149895161,95,94,0.2979622193,-0.7039098548
0.005145247309,0.002194030657,37,81,-0.8096258496,-0.8222835168
0.004721355775,-0.002550952542,89,65,-0.579799336,0.8341880848
0.008344812571,-0.005935500989,83,100,-0.3073805566,0.4064499011
0.008586618548,0.008437533411,92,95,-0.2100310936,-0.198434326
0.00248351519,-0.005546912056,67,97,-0.8336044822,-0.4619495306
0.0007558093517,-0.01091226995,94,53,-0.9289539209,0.4216496926
-0.0162251917,0.003303392599,40,81,-0.3509923322,0.7324251995
0.01984501754,-0.00965855542,43,85,-0.1466642459,0.1790227893
-0.004007968676,0.009017386789,43,72,0.8276573469,-0.3507481512
0.01036444462,-0.001370590116,87,97,-0.09829331776,0.8670527588
0.01127459424,-0.001008971079,74,21,0.1656800262,0.9788116073
-0.000858699953,-0.004023617923,97,81,0.9167061046,0.6740869482
-0.003065182537,0.002122417722,91,94,0.7210683892,0.8004927341
-0.0008395428129,0.00105833248,85,93,0.9286388609,-0.9015750793
0.001255453431,0.008019452445,96,67,-0.8794764706,0.4626966862
0.008553765623,-0.007277545777,81,74,0.3071449845,-0.4614616125
0.0009900858846,-0.008875660629,94,61,-0.9069319269,0.4585847017
0.004643362204,-0.003411040202,89,67,-0.5867407638,0.7714603064
-0.01295956963,0.002107277734,49,83,0.3649810883,-0.8250959481
0.01087890809,0.01358049871,82,59,-0.1079295364,-0.1987505762
0.003427448731,0.006230710921,51,67,-0.8252001147,-0.5825423683
0.00346994913,-0.008818374876,100,91,-0.653005087,-0.1975278863
0.01805114377,0.003935828582,29,90,-0.4765168306,-0.6457754276
0.005373542163,0.006068607527,94,71,-0.4948870366,-0.5691288656
0.001359613683,-0.003553983942,81,67,-0.8898712917,0.7618830759
-0.0006210823501,0.003921392265,71,27,0.9559031531,-0.8941224089
-0.009037442512,-0.00253095503,100,81,-0.09625574882,-0.7949926425
-0.002756261978,0.0002206557742,67,73,0.8153304474,-0.9838921285
0.003561961761,-0.01500065998,88,45,-0.6865473651,0.3249703007
-0.01396608886,-0.01412338723,71,67,0.008407691085,0.05373305585
-0.009742345398,-0.0005917838258,89,87,0.1329312596,0.9485148072
0.007509607525,0.007643068771,94,77,-0.2940968927,-0.4114837047
-0.004708570402,0.008814461302,51,95,0.7598629095,-0.1626261763
0.01072508674,0.009491842708,45,88,-0.5173710966,0.1647178417
-0.007618745547,0.01071372009,96,67,0.2686004274,-0.2821807542
-0.01195940585,-0.004789227501,83,89,0.007369314697,0.5737587524
-0.0025284442,0.008979511188,82,85,0.7926675756,0.236741549
0.0141144343,-0.008684352951,63,79,-0.1107906393,0.3139361169
0.005938842542,0.00289331714,95,63,-0.4358099585,0.8177210202
-0.003272333337,-0.0001799213374,89,99,0.708762333,0.9821877876
-0.005595133864,-0.008777937021,69,47,0.6139357634,0.58743696
-0.006322325426,-0.002052565554,83,95,0.4752469896,0.8050062724
0.0147942112,-0.005930559185,64,83,-0.0531704832,0.5077635877
0.004397017031,0.006748802459,87,71,-0.6174595183,0.5208350254
0.00236605133,-0.003096233922,97,83,-0.7704930209,0.7430125845
0.009260372062,-0.004854743592,85,91,0.2128683747,0.5582183331
0.01392990826,0.002650870985,61,91,0.1502755963,-0.7587707404
-0.003214255887,-0.005867220443,91,82,0.7075027142,-0.5188879237
-0.005983106327,0.002427355843,55,84,0.670929152,0.7961021092
-0.006862528694,-0.0001285388769,85,97,0.416685061,0.9875317289
0.01882296498,-0.01580482802,39,49,-0.2659043659,0.225563427
0.003731055116,-0.002603314771,74,81,-0.7239019214,0.7891315035
0.007021746078,0.008289829867,99,64,-0.3048471383,0.4694508885
0.007671257555,0.007956512108,53,95,-0.5934233496,0.2441313498
-0.004790819267,-0.00609812553,59,99,0.7173416633,0.3962855725
0.0007353856539,0.004671996365,67,87,-0.9507291612,-0.5935363162
-0.009298963542,-0.002383599791,97,55,0.0980005364,0.8689020115
-0.000556799557,-0.006818764097,89,97,0.9504448394,0.3385798826
-0.006471457925,0.003005591392,81,89,0.475811908,-0.7325023661
0.01138504117,0.001417667144,73,83,-0.1688919946,-0.8823336271
-0.007852709945,-0.00792891888,91,99,0.285403395,0.2150370309
0.1944836637,-0.01371073689,5,33,-0.02758168126,0.5475456826
0.01181566052,0.008168008471,73,87,0.1374567821,0.289383263
0.004346635603,0.004541447238,97,95,-0.5783763465,0.5685625124
0.004389561319,0.0109153205,59,75,-0.7410158822,-0.1813509623
-0.01025208268,0.0002924643201,87,89,0.1080688071,-0.9739706755
0.005702076931,0.007246453126,41,81,-0.7662148458,0.4130372968
-0.01107663299,-0.03042874377,44,21,0.5126281485,0.3609963808
-0.002928603195,0.0009440542886,75,98,0.7803547604,0.9074826797
0.002623491003,-0.00274694137,71,89,-0.8137321388,0.755522218
0.00802629323,-0.006732246326,83,85,-0.3338176619,0.4277590623
-0.008456040715,-0.01277598134,93,61,0.2135882135,0.220665138
0.001850892518,-0.001519888055,99,97,-0.8167616408,-0.8525708586
-0.002091157464,-0.003129235361,100,81,0.7908842536,0.7465319357
-0.006140933096,0.0007217887204,69,89,0.5762756164,-0.9357608039
0.009252153007,0.009578941659,46,89,0.5744009617,-0.1474741923
0.001013112826,-0.006309672564,95,97,-0.9037542815,0.3879617613
0.0133448385,0.00318801443,61,97,-0.1859648515,-0.6907626003
-0.01303786828,-0.007470383566,63,29,0.1786142983,0.7833588766
0.004362300586,-0.00404288564,89,64,0.6117552479,-0.741255319
-0.004606289213,-0.003416478006,47,91,0.783504407,0.6891005014
-0.001375788061,0.01154056358,97,67,0.8665485581,-0.2267822404
-0.007930732964,-0.004736463229,80,43,-0.3655413629,0.7963320812
0.007838141294,-0.002152290172,79,66,0.3807868377,0.8579488487
-0.003888330252,-0.001573443559,87,73,0.6617152681,0.8851386202
0.002568879531,0.0005495133647,71,55,-0.8176095533,-0.9697767649
0.00285180177,0.007402754935,71,97,0.7975220743,-0.2819327713
0.010403391,-0.003755333083,95,53,0.01167785513,0.8009673466
0.005032565175,-0.001450226135,72,65,-0.6376553074,0.9057353012
0.009944615167,-0.0112435651,97,59,-0.03537232881,0.3366296591
-0.008713179643,0.01348679709,97,71,0.1548215746,-0.04243740664
-0.01149625341,0.009662076575,77,65,0.1147884873,0.3719650227
0.01098341383,0.009119029679,73,43,-0.1982107902,-0.6078817238
0.0009236633859,-0.001139792688,81,73,-0.9251832657,0.9167951338
-0.005037027046,0.002918250357,97,95,-0.5114083765,-0.722766216
0.01067057888,-0.01760288478,67,51,-0.2850712153,0.1022528763
-0.002156033843,-0.004095138961,86,83,-0.8145810895,0.6601034662
0.007468146512,-0.0114488187,91,85,0.3203986674,0.02685041041
-0.007897446871,-0.0009798766971,70,97,-0.447178719,0.9049519604
-0.00947069425,-0.009168542759,97,61,0.0813426578,0.4407188917
-0.01077289074,0.01769667241,54,53,0.4182638999,-0.06207636208
0.002201892192,-0.0009607640357,77,69,-0.8304543012,0.9337072815
0.006165407497,0.002577126116,59,73,-0.6362409577,0.8118697935
-0.009583761771,0.01208232866,97,81,0.07037510821,-0.02133137889
-0.06437291354,-0.005142190073,7,99,0.5493896052,0.4909231827
0.008246127618,-0.008621084464,43,100,-0.6454165124,0.1378915536
0.003450344048,-0.0001428960006,85,89,-0.7067207559,0.9872822559
-0.006953630461,-0.008968058469,87,89,0.3950341499,0.2018427963
0.009513259461,-0.006451192809,99,89,-0.0581873134,-0.42584384
-0.007854584923,-0.01296725695,69,50,0.4580336403,0.3516371525
-0.005144597715,-0.006061919956,97,83,-0.5009740217,0.4968606436
-0.01356446195,0.00481503985,59,71,0.1996967451,0.6581321707
0.008232167217,-0.0007977946608,73,77,-0.3990517931,0.9385698111
0.003337916109,-0.007988348327,71,97,-0.7630079562,0.2251302123
0.01454897557,0.004375490992,41,99,-0.4034920016,0.5668263918
-0.003025688937,0.009670931306,93,91,0.7186109288,0.1199452511
0.004853618801,-0.009910597317,71,99,-0.6553930651,0.0188508656
0.002760577755,-0.01435338048,80,61,-0.7791537796,0.1244437909
-0.007716613732,-0.0009439469411,71,91,0.452120425,0.9141008284
-0.0003780068571,0.00588350277,59,67,0.9776975954,-0.6058053144
0.006132538854,0.006886127973,91,83,0.4419389643,-0.4284513782
-0.01281656165,0.0102462923,23,83,0.7052190821,-0.1495577393
0.001343522152,0.00195829694,15,89,-0.9798471677,-0.8257115724
-0.0006674609673,0.005813369149,85,81,0.9432658178,-0.5291170989
0.003395959682,-0.005942837072,62,89,-0.7894504997,0.4710875006
-0.006831442876,-0.001501686498,85,99,-0.4193273555,0.8513330367
-0.001767175734,0.01610684366,73,57,0.8709961714,-0.08190991159
0.002404502547,0.01370115177,97,67,0.7667632529,-0.08202283116
0.006947205641,-0.01426414908,91,59,-0.3678042867,-0.1584152045
0.01411628455,-0.009298222679,41,91,-0.4212323335,-0.1538617362
-0.008472524077,0.01116778542,67,82,0.4323408869,0.08424159516
-0.006094527571,0.007915036948,85,97,0.4819651565,-0.2322414161
-0.01003629431,0.01238640032,88,69,0.1168061009,-0.1453383779
0.004127574338,0.005809918645,81,88,-0.6656664786,0.4887271592
0.001214760481,-0.001531470069,97,65,-0.8821682333,0.9004544455
-0.009306054026,-0.002590347368,92,81,-0.1438430296,0.7901818632
0.005802340174,0.002604823945,91,85,0.4719870441,-0.7785899647
0.009233889175,0.005957067045,89,92,-0.1781838634,-0.4519498318
-0.002929031012,0.002814706263,95,64,0.7217420538,-0.8198587992
-0.002707116983,0.004307431162,77,61,0.7915519923,-0.7372466991
0.003757171379,0.005058839021,99,85,-0.6280400335,0.5699986832
-0.003753053832,0.006096054847,97,94,0.6359537783,0.4269708443
0.004986605659,0.00328713591,79,85,-0.6060581529,-0.7205934476
0.01925841377,0.0004431134361,47,91,-0.09485455303,-0.9596766773
-0.02049670309,0.01299775043,39,74,-0.2006285797,-0.03816646832
0.000654516794,0.004656615697,95,27,-0.9378209046,-0.8742713762
-0.01784531784,-0.02269778054,55,39,0.01850751863,0.1147865591
-0.002405588762,0.007118400101,77,45,0.8147696653,-0.6796719954
-0.004838537652,0.007974340001,71,98,0.6564638267,0.2185146799
-0.00336416623,0.002343045695,95,93,0.6804042082,-0.7820967504
0.01305064879,-0.007126254229,68,97,0.1125558824,-0.3087533398
0.01195028749,0.01306739558,72,71,0.1395793006,-0.07221491376
0.005998726844,0.001826779541,97,98,-0.4181234961,-0.820975605
0.00453726364,0.005538604074,93,29,-0.5780344814,-0.8393804819
-0.003403926573,-0.008020297288,43,68,0.8536311574,0.4546197844
-0.006088099602,-0.001000852663,53,63,0.6773307211,0.9369462822
0.002221236608,0.007530778481,89,97,-0.8023099419,-0.2695144874
0.009145404296,0.006929104462,97,99,-0.1128957833,-0.3140186583
0.0006133074147,-0.0006769713606,93,79,-0.9429624104,0.9465192625
-0.01148096692,0.009947327953,55,97,0.3685468195,0.03510918852
-0.005081112312,0.005878769016,69,65,0.6494032505,-0.617880014
0.002164518271,-0.003406349981,99,95,-0.7857126912,0.6763967518
0.007097140154,0.003666869745,71,85,-0.496103049,-0.6883160716
0.01150271662,0.006747476809,63,97,0.2753288531,-0.3454947495
0.0004835436163,0.02666506654,77,37,-0.9627671415,-0.01339253787
0.007230434215,0.01570329599,94,37,-0.3203391838,-0.4189780484
0.002105872235,-0.002989118215,97,91,-0.7957303932,0.7279902425
0.01043016148,0.005980489483,44,91,0.5410728949,-0.4557754571
0.001959721881,0.005119240914,100,91,-0.8040278119,-0.5341490769
0.01134155859,0.000773294114,87,61,0.01328440301,-0.952829059
-0.0019373297,0.001073963752,75,89,0.8547002725,0.9044172261
-0.007241489981,-0.005072973818,81,58,0.4134393115,-0.7057675185
-0.0009692835526,-0.0005561886464,63,83,0.9389351362,0.9538363424
-0.00705417052,-0.006159730544,93,41,0.3439621416,0.7474510477
0.008626390434,-0.001952878935,99,86,-0.1459873471,0.8320524116
-0.002833931712,0.0009821665304,79,75,0.7761193948,-0.9263375102
-0.00390676025,0.004284309108,91,79,0.6444848173,0.6615395805
-0.01361382203,-0.0009058897064,71,79,0.03341863617,0.9284347132
0.01863071258,-0.005757689354,51,65,-0.0498336583,0.625750192
0.000680800825,0.005251298306,97,95,-0.93396232,-0.501126661
-0.003131162649,-0.004868344373,79,93,0.7526381508,0.5472439733
-0.004392910556,-0.0005308790773,67,75,0.7056749927,0.9601840692
0.000813230321,-0.009093717729,99,43,0.9194901982,0.6089701377
0.007151374266,-0.003607767704,97,49,-0.3063166962,0.8232193825
-0.01159242243,-0.01159438508,81,73,0.06101378356,0.1536098895
0.0007465591537,0.009133325156,83,91,-0.9380355902,-0.1688674108
0.004839203861,-0.008112180932,97,67,0.5305972255,0.4564838775
0.008024331691,-0.007789532531,83,92,-0.3339804697,0.2833630071
0.001930266021,0.008026563707,35,29,-0.9324406893,-0.7672296525
-0.001599043217,0.006051884278,61,87,0.9024583638,-0.4734860678
0.004054806246,0.005702380781,85,83,-0.6553414691,-0.5267023952
-0.0005940079265,0.002991438586,79,78,0.9530733738,-0.7666677903
-0.01049602138,-0.006909745831,53,90,-0.4437108668,-0.3781228752
0.01145293062,-0.004158377663,49,97,-0.4388063995,0.5966373667
0.009553492896,0.007428515093,97,83,0.07331118913,-0.3834332473
-0.01043580204,-0.006748568403,95,96,0.008598806461,-0.3521374333
-0.004475593932,0.00382815949,53,97,0.7627935216,-0.6286685295
-0.003501977786,0.008320666877,57,97,0.8003872662,-0.1928953129
-0.003498592115,-0.002885355753,83,37,-0.7096168545,0.8932418371
0.00317003467,0.007048507486,91,59,-0.711526845,-0.5841380583
0.01098692176,0.005262367822,67,95,-0.2638762421,-0.5000750569
0.009842610448,0.005963589732,99,97,-0.0255815656,-0.421531796
0.00732775124,-0.0009932425051,65,83,-0.5236961694,0.9175608721
0.003379903079,-0.007261490439,65,99,-0.7803062999,0.2811124465
0.009328079789,-0.006667670548,83,29,0.2257693775,0.8066375541
-0.009206531316,0.009200378856,92,99,-0.1529991189,0.08916249323
0.01280973008,0.00181527232,71,72,-0.09050916453,-0.869300393
-0.009455897668,-0.01000040066,92,87,-0.1300574145,0.1299651425
0.002544339502,-0.003736636439,87,95,-0.7786424633,0.6450195383
-0.007825892412,-0.007637994527,89,97,0.3034955754,0.2591145309
-0.009309128893,0.09017693949,41,9,0.6183257154,-0.1884075446
0.005611129827,-0.001232513917,87,95,-0.511831705,0.8829111779
-0.009340896596,-0.0007877606266,89,63,0.168660203,0.9503710805
-0.0009774931093,0.002602232146,73,91,0.928643003,0.7631968747
-0.008757703504,-0.0005517309076,87,91,0.2380797951,0.9497924874
-0.003124416481,0.004314723842,98,89,0.6938071849,-0.615989578
0.002897001442,0.004740841762,91,94,-0.7363728688,-0.5543608744
-0.005187023191,0.008373188835,96,85,-0.5020457737,-0.288278949
0.008150041497,-0.006781240955,93,91,-0.2420461408,-0.3829070731
-0.008303375717,0.01076309597,85,89,0.2942130641,-0.04208445849
0.008090935565,-0.006135070513,80,97,0.3527251548,0.4048981603
0.003347021524,0.008068030318,37,75,-0.8761602036,-0.3948977262
0.005253435505,-0.00113270335,67,61,-0.6480198212,0.9309050956
0.006786972137,-0.002558128637,95,63,-0.355237647,0.8388378959
0.0162703167,-0.00860579059,53,43,-0.1376732149,-0.6299510046
-0.0002341745575,-0.007942053602,51,77,0.9880570976,0.3884618727
0.005424277454,-0.01061620036,85,93,-0.5389364164,0.01269336649
-0.006805792625,-0.004907001218,89,97,0.3942844564,-0.5240208819
-0.008650550209,0.000901268528,85,96,0.2647032322,0.9134782213
-0.004890781313,0.004548703204,89,99,0.5647204632,-0.5496783828
-0.0006000234316,-0.006568231909,79,93,0.9525981489,0.3891544325
0.007888497812,0.01088620283,87,88,-0.3137006904,-0.04201415064
-0.003179640807,0.0003783678344,67,57,0.7869640659,-0.9784330334
0.009580263632,0.003459181434,86,59,-0.1760973276,-0.7959082954
-0.005671316027,-0.004182810313,81,89,-0.5406234018,0.6277298822
0.004868302532,-0.003514524196,93,85,-0.5472478645,0.7012654433
-0.001087671358,-0.004333923844,97,93,0.8944958783,-0.5969450825
-0.009667066744,0.0008403412947,57,94,0.4489771956,-0.9210079183
0.00288491764,-0.01075487591,63,83,-0.8182501887,-0.1073452991
-0.00921426744,-0.005432611941,97,81,-0.1062160584,0.5599584328
-0.007433010394,-0.002808522148,69,82,0.4871222828,0.7697011838
0.002651486446,-0.01251497744,77,79,0.7958355437,0.0113167824
0.0006279454318,-0.002100138705,49,93,-0.9692306738,0.8046871005
-0.01454944042,-0.005643645235,67,83,-0.02518749157,0.5315774455
0.006684463504,0.01023672686,95,93,-0.3649759671,-0.04798440175
0.01206449973,-0.004412511727,61,93,-0.2640655163,0.5896364094
0.005413134629,-0.01180163948,97,65,-0.474925941,0.2328934338
0.002596834271,-0.009779289703,97,60,-0.7481070757,-0.4132426178
-0.006331606811,0.004034596773,97,85,0.3858341394,-0.6570592743
-0.0003889642667,-0.005905391565,63,83,0.9754952512,0.5098525001
0.004354353263,-0.003427368673,89,65,-0.6124625596,0.7772210362
0.01253674157,-0.009049889244,73,100,0.08481786566,-0.09501107564
-0.003013408433,0.001246283239,91,67,-0.7257798326,-0.916499023
0.01900633655,-0.003140721606,47,92,0.1067021823,-0.7110536122
0.0007554543172,-0.002478568456,99,95,-0.9252100226,0.7645359967
-0.003139857026,0.001387330285,69,71,0.7833498652,-0.9014995498
-0.00378386627,0.0007552637998,67,69,0.7464809599,-0.9478867978
-0.009043753018,0.0103087335,91,87,0.1770184753,0.1031401851
0.01097181427,-0.003612122339,89,72,0.02350853035,-0.7399271916
0.007788602549,0.006636111306,49,79,-0.6183584751,-0.4757472068
0.006236641002,0.01252151155,85,41,-0.4698855149,-0.4866180265
-0.0007011827505,-0.002573199596,89,64,0.9375947352,0.8353152259
-0.01828829009,-0.01154727867,52,43,0.04900891557,0.5034670172
0.005025216108,-0.01339068601,97,68,-0.5125540375,-0.08943335109
-0.009103592066,0.0001443976625,73,89,0.3354377792,-0.987148608
0.003886541439,0.007205993736,49,90,-0.8095594695,-0.3514605637
0.005953021668,-0.001226493414,89,97,-0.4701810715,0.8810301388
0.004074097814,-0.004790393155,85,98,-0.6537016858,0.5305414708
0.00898931039,-0.01106433889,96,89,0.1370262026,0.01527383902
-0.003159365912,-0.01696816295,89,57,0.7188164339,0.03281471181
-0.002761129638,0.001638850632,61,55,0.8315710921,-0.9098632153
0.002674749617,-0.007774250543,85,97,-0.7726462825,0.2458976974
-0.00493433831,0.0006744500802,71,73,0.64966198,-0.9507651441
0.0008325558064,0.007501537108,96,89,-0.9200746426,0.3323631974
-0.009778281493,-0.006931303633,75,97,-0.266628888,0.3276635476
0.0004034370577,0.004938140902,91,99,-0.9632872277,-0.5111240507
0.007173289907,0.001662343986,47,100,-0.6628553744,-0.8337656014
0.001421147527,-0.001170621212,87,61,-0.8763601651,0.928592106
0.007646068295,0.009401696825,97,75,-0.2583313754,-0.2948727381
0.002487243944,-0.005687396592,73,89,-0.8184311921,0.4938217033
-0.009856615396,-0.001695435335,86,89,0.152331076,0.8491062552
0.008257965769,-0.002256466821,89,63,-0.2650410465,0.8578425903
0.002057619068,0.01524005385,61,57,-0.8744852368,-0.1313169307
-0.007497288235,0.004465202612,53,97,0.6026437236,-0.5668753467
0.002041510846,-0.01399776794,98,43,0.799931937,0.3980959788
-0.01428095753,-0.009037512356,63,100,-0.1002996757,-0.09624876436
0.009587650062,-0.005240563909,82,49,0.213812695,-0.7432123685
0.003843101151,0.003908193608,83,79,0.6810226045,-0.6912527049
0.003432511747,-0.01005509181,96,77,-0.6704788723,0.2257579309
0.008811640871,-0.005935923216,89,84,0.2157639625,-0.5013824499
0.005515098014,-0.004024106003,81,89,0.5532770608,0.6418545658
-0.001045920712,0.009667162323,69,91,0.9278314708,-0.1202882286
0.003768438954,0.003553834272,68,81,-0.7437461512,-0.7121394239
0.008702046675,-0.009163915101,83,67,-0.277730126,0.3860176882
-0.0076174046,-0.005584563855,73,98,0.4439294642,0.4527127422
-0.0007212158382,-0.006223664053,47,85,0.9661028556,0.4709885555
0.009677126133,-0.00496161103,73,95,-0.2935697923,0.5286469521
0.006294874134,0.005363745535,83,64,-0.4775254468,0.6567202858
0.002689082561,0.003212114958,95,73,-0.7445371567,-0.765515608
0.002043732795,-0.01375990668,93,56,-0.80993285,0.2294452257
0.003636212144,0.006786712894,79,89,-0.7127392406,-0.3959825524
-0.0123209545,-0.01026166598,81,71,0.002002685506,0.2714217151
-0.01311503647,-0.009221824895,65,71,0.1475226293,0.3452504325
0.01558954108,-0.0003233950799,49,95,-0.2361124871,0.9692774674
-0.001337197278,-0.002070233689,73,88,0.9023845987,-0.8178194354
-0.00482064504,-0.01215221417,97,59,0.5323974312,0.283019364
0.006404640668,-0.009727615651,67,86,-0.5708890753,0.163425054
0.003815945662,0.009113274427,99,97,-0.6222213794,-0.1160123806
0.01057188812,-0.01081389857,77,73,-0.185964615,0.2105854046
0.0004854143416,-0.003219265397,71,35,-0.9655355817,0.8873257111
-0.001228433081,0.005709238956,86,87,0.894354755,-0.5032962108
0.01068636415,-0.002486080209,91,59,0.02754086228,0.8533212676
0.008121586633,0.02080689765,97,32,0.2122060966,-0.3341792753
-0.01143078971,0.004559584545,73,95,-0.1655523509,-0.5668394682
0.001441870726,-0.004765687757,97,75,-0.8601385395,-0.6425734183
0.005833636633,-0.005214169104,33,91,-0.8074899911,0.5255106115
0.00273565193,0.003531577237,49,89,-0.8659530554,-0.6856896259
-0.0180498621,-0.004820706985,17,88,0.6931523443,-0.5757777853
0.009932772044,-0.001208554663,86,61,-0.1457816042,0.9262781656
-0.009680865224,0.004921509691,71,73,0.3126585691,-0.6407297926
-0.00273328267,0.003159138272,59,98,0.8387363225,0.6904044493
0.004701431831,0.009638957136,81,100,0.6191840217,0.03610428639
0.008621007934,-0.006005867775,99,65,0.1465202145,0.6096185946
-0.002840679872,-0.0004089749181,80,69,-0.7727456102,0.9717807307
0.01009978633,-0.01687319096,93,56,-0.06071987117,-0.0551013063
0.0101828476,0.009948911027,77,74,-0.2159207344,-0.263780584
0.007626491949,-0.008098585143,95,97,-0.2754832648,-0.2144372411
-0.01058354589,-0.004697196584,87,86,0.07923150757,0.5960410937
-0.001582382394,0.004275330479,87,95,-0.8623327317,-0.5938436045
0.002822963226,0.01069141056,95,87,-0.7318184935,-0.06984728131
-0.009060303285,0.006009254798,91,51,0.175512401,-0.6935280053
0.008233604556,0.006245484045,45,71,-0.629487795,-0.5565706328
-0.002465827814,0.0006473610821,47,79,0.8841060927,-0.9488584745
0.01031079978,0.01033926142,81,61,0.164825218,-0.3693050532
-0.01367194503,0.02143366227,43,36,-0.4121063636,-0.2283881584
0.001788469535,0.000567434908,94,95,0.8318838638,-0.9460936837
0.0145299548,-0.001487948111,43,83,-0.3752119436,0.8765003068
0.0001485958743,-0.003780590995,85,87,-0.9873693507,0.6710885834
0.009440031995,-0.01525237146,71,53,-0.3297577284,-0.1916243124
-0.006756371936,0.002806796617,93,95,0.3716574099,-0.7333543214
-0.00196774335,0.002667274352,77,97,0.848483762,-0.7412743878
-0.005172916792,0.0002865568023,81,85,0.5809937399,-0.9756426718
0.008890677268,0.0189654597,59,52,-0.4754500412,0.01379609557
-0.01296166665,0.009386105901,59,60,-0.2352616678,-0.436833646
0.004159088923,0.003386468476,83,75,-0.6547956194,-0.7460148643
-0.0055061379,0.001346403996,89,77,0.5099537269,-0.8963268923
-0.0005285172485,-0.01005923334,85,94,0.9550760339,0.05443206603
-0.001143587034,-0.00742991783,83,87,0.9050822762,0.3535971488
-0.004629142371,0.006449886986,71,85,0.6713308917,-0.4517596062
0.00108156196,0.006700777461,87,80,-0.9059041095,-0.4639378031
-0.006564709372,0.007469779704,65,97,0.5732938908,-0.2754313687
-0.007933495762,0.00884194239,97,99,0.2304509111,0.1246477034
0.003879963559,-0.003179310192,85,91,-0.6702030975,0.7106827726
0.01035407805,-0.002806570241,88,65,0.08884113202,0.8175729343
0.00564651454,-0.00314150211,95,81,-0.4635811187,0.7455383291
-0.002019669317,-0.006297859312,85,97,0.828328108,0.3891076468
0.007732676772,0.00774183103,83,92,-0.3581878279,0.2877515452
-0.009591152425,-0.004983346168,81,100,-0.2231166536,0.5016653832
-0.01488295527,-0.003802918765,67,89,-0.002841997036,0.6615402299
-0.007605345389,0.009156139045,89,90,0.3231242603,0.1759474859
0.006271962446,0.002970336232,94,85,-0.4104355301,-0.7475214203
-0.005621343175,0.007338508665,75,77,0.5783992618,-0.4349348328
0.001467080399,-0.008858258941,71,96,-0.8958372917,0.1496071416
0.001243900972,-0.00540803873,47,91,-0.9415366543,0.5078684756
-0.004155472604,0.00292969232,27,97,0.8878022397,0.7158198449
-0.0008419725917,-0.00854346954,85,99,0.9284323297,0.1541965156
0.004073204706,-0.001443883123,71,25,-0.7108024659,0.9639029219
0.007179324038,0.009459674013,64,85,-0.5405232616,-0.1959277089
-0.01143487281,-0.001207664001,73,97,0.1652542849,0.8828565919
-0.0004819244919,-0.002934569871,69,77,0.9667472101,0.77403812
-0.001905150858,-0.0004063762796,87,95,0.8342518754,0.9613942534
0.006096890623,-0.01112936742,33,85,-0.7988026094,0.05400376957
0.002543584087,-0.006168435003,73,91,-0.8143183616,0.4386724147
-0.005716197519,0.008136806845,89,97,0.4912584208,-0.210729736
0.001510061308,-0.007711607241,85,89,-0.8716447888,0.3136669556
0.00292320954,-0.00130510518,89,95,-0.739834351,-0.8760150079
0.01611140742,-0.00829574509,57,82,0.08164977693,0.3197489026
0.003586719353,-0.002963616117,83,95,-0.7023022937,0.7184564689
-0.008428166166,0.01074987145,99,61,0.1656115495,-0.3442578413
0.008439681924,0.006332916183,89,55,-0.2488683088,-0.65168961
0.003963587312,0.004971768152,63,79,-0.7502939994,0.607230316
0.0141430768,-0.001436033638,63,31,-0.1089861618,0.9554829572
0.001247171114,0.002521527719,69,77,-0.9139451931,0.8058423657
-0.002272483068,-0.002854532776,95,81,0.7841141085,0.7687828451
0.01030745078,-0.01255768417,73,79,-0.2475560932,0.007942950801
-0.004717446854,0.0133018625,94,65,-0.5565599957,-0.1353789372
-0.008886935796,-0.001800672122,91,95,-0.1912888425,0.8289361484
0.00831244932,0.008671317829,93,97,-0.2269422133,-0.1588821706
-0.008313864257,0.0002268404449,71,59,0.4097156377,-0.9866164137
0.005304758709,0.01352490839,97,67,-0.4854384052,-0.09383113808
-0.001838900995,0.005246190759,57,65,0.8951826433,-0.6589976006
0.009564332469,-0.0006245945959,97,75,0.07225975047,0.9531554053
-0.01080582548,-0.004908957923,81,97,0.1247281358,0.5238310814
-0.0009244409093,0.007518454596,99,83,0.90848035,-0.3759682685
0.003517074209,-0.005522909065,89,83,-0.6869803954,0.5415985476
-0.01146649156,0.003303787141,65,57,0.2546780484,-0.8116841329
-0.0103513768,-0.005362386799,35,94,0.637701812,-0.4959356409
-0.00300009207,0.009060279864,97,71,0.7089910692,-0.3567201296
0.001783503169,0.006539578152,57,73,-0.8983403193,-0.5226107949
0.00050777728,0.0009109642243,77,97,-0.9609011494,-0.9116364702
0.01498870727,0.01136689961,64,73,-0.04072273457,-0.1702163282
-0.004760166975,0.007769482201,71,89,0.6620281447,0.3085160841
0.01285051247,0.003992747848,39,97,-0.4988300137,-0.6127034588
0.0005961484642,-0.007678885631,65,97,-0.9612503498,0.2551480938
-0.006432613915,-0.003272121281,87,95,0.4403625894,0.6891484783
-0.002234725946,0.00349489407,75,47,0.8323955541,-0.8357399787
0.005525994712,0.004099791883,91,99,0.4971344812,-0.5941206035
-0.002008001895,-0.005869298678,89,75,0.8212878314,0.5598025991
-0.01195969547,-0.00932198911,67,95,-0.1987004035,0.1144110346
0.008949501743,0.006391601154,71,91,-0.3645853762,-0.418364295
-0.01518361894,-0.01042568089,49,94,0.2560026722,0.01998599661
0.01048187043,-0.009563135369,85,79,0.1090410131,0.2445123059
0.009969020405,-0.004985069521,43,79,-0.5713321226,-0.6061795079
-0.0004849134577,-0.004799844356,61,85,0.9704202791,0.5920132297
0.008446766374,-0.01034377133,99,91,0.1637701289,0.05871680913
0.003217591543,0.004251831644,99,83,0.6814584372,0.6470979736
-0.002359473393,-0.009076458672,73,95,0.8277584423,0.1377364262
0.007411648276,-0.002090055144,95,99,-0.2958934137,0.7930845408
0.002927450781,0.008321283143,77,97,-0.7745862899,-0.1928355351
0.001804003963,0.004533326501,59,91,-0.8935637662,-0.5874672884
-0.009091794723,-0.0002732035244,81,97,0.2635646274,0.9734992581
-0.001821913803,0.003862577279,89,64,0.8378496716,0.7527950541
0.008405812356,0.00423352151,71,97,-0.4031873227,-0.5893484135
0.0005473669076,-0.001586950243,89,93,-0.9512843452,0.8524136274
0.00269299193,-0.008656376202,78,97,0.7899466295,0.1603315084
-0.001308275274,0.004268351318,85,91,-0.8887966017,-0.6115800301
-0.005356163007,-0.02572147542,73,32,0.6090001005,0.1769127866
-0.00119844168,0.003355841576,82,61,-0.9017277822,-0.7952936639
0.006232648075,0.02068572657,63,46,-0.6073431713,0.0484565777
0.004024941934,0.002476377055,49,83,-0.8027778452,-0.7944607045
0.003947278342,-0.01148230741,93,67,-0.6329031142,0.2306854038
0.005732418554,-0.006822573333,87,97,-0.5012795858,-0.3382103867
0.009494237429,0.00684956254,99,97,-0.06007049453,-0.3355924336
-0.0108411033,-0.003797427242,87,97,0.05682401273,0.6316495575
0.0003821706016,0.001699255709,53,87,-0.9797449581,-0.8521647533
-0.002941761578,-0.0004102900484,75,97,0.7793678817,0.9602018653
-0.01111676685,-0.01084790888,87,35,0.03284128403,0.6203231892
0.00142953242,0.005141532801,77,89,0.8899260037,-0.5424035807
0.009261132084,-0.01201478135,83,79,-0.2313260371,0.05083227333
0.006678179831,-0.007168637408,94,97,0.3722510959,0.3046421715
-0.0009036120069,0.007214437676,99,89,-0.9105424113,-0.3579150468
0.00109627008,-0.0002671187738,91,79,-0.9002394227,0.9788976169
-0.005306180187,0.02278075852,57,43,0.6975477294,-0.0204273836
0.0007053257527,0.002419157332,97,73,0.931583402,-0.8234015148
0.004393531125,0.005745609846,67,97,-0.7056334146,-0.442675845
0.008951677236,0.002540164518,95,99,-0.1495906626,-0.7485237127
-0.001533405527,-0.002402153339,98,85,-0.8497262584,0.7958169662
-0.01013161018,-0.009472017053,51,77,0.483287881,0.2706546869
0.008444625219,-0.01037510826,53,93,-0.5524348634,0.03511493169
0.001947584956,0.002272705142,98,85,0.8091366743,0.806820063
0.0149294128,0.0105329564,65,77,0.02958816803,-0.1889623571
-0.007045184726,-0.001527469287,59,11,0.5843341012,0.9831978378
-0.003063008248,-0.00178865954,99,95,0.6967621835,0.8300773437
0.001905672692,-0.003524864364,17,87,-0.9676035642,0.6933368003
0.006631359818,0.008795883579,95,52,0.3700208173,0.5426140539
0.003927100705,-0.001541999544,97,84,-0.6190712316,-0.8704720383
-0.002199009851,0.005034816556,71,93,0.8438703006,-0.5317620603
-0.004463876357,0.0002331129769,81,65,0.6384260151,-0.9848476565
0.004971861053,-0.005841513187,56,99,0.721575781,0.4216901945
-0.000364866098,-0.00826679171,47,77,0.9828512934,0.3634570383
0.002142149662,0.008575418331,85,84,0.8179172787,0.2796648602
-0.01133300338,-0.0100810906,75,77,0.1500247468,0.2237560238
0.01224147109,0.0008138557019,49,43,-0.4001679163,-0.9650042048
0.001103557569,0.004371153447,67,96,-0.9260616429,-0.5803692691
-0.004682934978,-0.005058163066,85,93,0.6019505269,-0.5295908349
0.003892167525,0.01184729656,71,73,-0.7236561057,-0.1351473509
0.008991243626,0.0006745570886,81,97,-0.2717092663,-0.9345679624
0.004643373103,0.01235388858,35,71,-0.8374819414,0.1228739108
-0.003501746187,-0.009323334266,61,99,0.7863934826,0.07698990766
-0.0065947826,0.000403118052,85,91,0.439443479,-0.9633162573
-0.01150585873,-0.007705079668,41,88,0.5282597922,-0.3219529892
-0.003454276602,0.0006414945179,63,71,0.7823805741,-0.9544538892
0.007927099521,-0.006654613039,93,97,-0.2627797446,-0.3545025352
0.005000952469,-0.002179743161,83,61,-0.5849209451,0.8670356672
0.003873797583,0.0009107096656,89,93,-0.6552320151,-0.9153040011
0.001878748963,0.0004455055865,61,73,-0.8853963133,-0.9674780922
-0.006375774371,0.002664320105,93,89,0.4070529835,-0.7628755107
-0.003903125828,0.007640926,83,89,0.6760405563,-0.319957586
-0.00643291838,-0.013261992,97,50,-0.3760069172,-0.3369004002
0.004339362891,0.009768832728,89,96,-0.6137967027,-0.06219205816
-0.00483349083,0.01035589573,93,95,0.5504853528,-0.01618990533
0.0003930909581,0.010260538,59,88,-0.9768076335,0.09707265633
0.01174268796,0.001425421778,73,89,-0.1427837793,-0.8731374618
-0.02098867337,-0.001546435709,45,67,0.0555096984,0.8963888075
-0.009745366649,-0.009709385398,65,66,-0.3665511678,0.3591805637
0.003114521647,-0.009506684174,89,29,0.7228075734,0.724306159
0.005594078265,-0.009419960984,71,85,-0.6028204432,-0.1993033164
0.006576182294,0.001744818231,43,91,-0.7172241614,-0.841221541
0.006288265389,-0.003518360817,87,79,0.4529209111,0.7220494955
-0.004408366942,-0.01287127678,99,71,0.5635716727,0.08613934869
-0.001616626823,0.009466877554,83,73,0.8658199737,-0.3089179386
-0.007987797759,-0.0007104331206,71,91,0.4328663591,0.935350586
-0.008785855837,-0.009808264063,85,97,0.2532022539,-0.04859838592
-0.007983315156,0.01118278787,65,71,0.4810845148,0.2060220609
-0.01098447359,0.01166490562,88,81,0.03336632415,-0.05514264473
-0.007445439994,-0.01861839908,69,49,0.4862646404,-0.08769844515
-0.005168203908,-0.002793655146,79,98,0.5917118913,0.7262217957
-0.001701123368,0.007439505214,95,97,0.8383932801,-0.2783679943
-0.01601803989,-0.01075635665,59,67,-0.05493564647,0.2793241044
-0.005540127658,0.0006144765887,69,89,0.6177311916,-0.9453115836
-0.01181233884,0.008937522101,59,69,0.3030720084,-0.3833109751
0.005692239755,0.002543668011,91,97,-0.4820061823,-0.7532642029
-0.01078897392,0.00978092534,53,19,0.4281843821,-0.8141624185
-0.003444697176,-0.01427334121,96,41,0.6693090711,0.4147930104
-0.0007160431832,0.008057515257,83,89,0.9405684158,-0.2828811421
0.0009552119571,-0.00168464314,83,75,-0.9207174076,0.8736517645
0.01128703743,-0.001919716025,73,41,0.1760462677,0.921291643
-0.001667780089,-0.001034322974,77,57,0.8715809332,0.9410435905
0.006895833036,0.006644679441,87,74,-0.4000625259,0.5082937214
0.005360225907,-0.003438438694,95,81,-0.4907785388,0.7214864658
0.0001991359011,-0.001865225184,91,93,-0.981878633,0.8265340579
0.01195976903,-0.003079731019,79,77,-0.05517824659,0.7628607116
-0.007223861969,0.004884254098,77,74,0.4437626284,0.6385651968
0.0002856339984,-0.009679616401,49,59,-0.9860039341,0.4289026323
0.006045642711,-0.002658879783,97,89,-0.4135726571,0.7633596993
-0.004378397861,-0.006613088719,61,69,-0.7329177305,0.5436968784
-0.01641984909,-0.01693935919,15,23,0.7537022636,0.6103947387
0.01293759656,-0.005649097949,63,73,-0.1849314168,0.5876158497
-0.002319851262,0.007845693032,74,97,0.8283310066,-0.2389677759
-0.008754583869,0.01066569257,89,41,-0.2208420357,-0.5627066047
-0.02590791099,-0.004840222075,17,65,0.5595655131,0.6853855651
0.01110321635,0.003524094473,81,97,0.1006394755,0.6581628361
-0.02252152636,0.002901334101,37,97,-0.1667035247,-0.7185705922
0.004022654348,0.000599048114,97,85,-0.6098025283,-0.9490809103
0.003150908649,0.009778972545,97,99,-0.6943618611,-0.03188171804
0.008074071171,0.009533046416,81,5,-0.3460002351,-0.9523347679
0.004133403049,0.006806737776,92,97,-0.6197269195,-0.3397464357
0.006078083601,0.002237877302,53,95,-0.6778615692,-0.7874016563
0.003629471123,0.002176104396,76,87,-0.7241601947,-0.8106789176
-0.005601508822,-0.004916631367,77,93,0.5686838207,0.5427532828
0.009153137981,0.01107270379,71,37,-0.3501272033,-0.5903099596
0.005104130384,-0.004189284297,93,67,-0.5253158743,0.7193179521
-0.00252031556,0.005412400206,75,91,0.810976333,0.5074715812
-0.0192788017,0.009076141103,38,99,0.2674055356,0.1014620309
0.003905341893,-0.002147575032,79,83,-0.6914779905,0.8217512723
0.001575142167,-0.005159483586,94,55,-0.8519366363,0.7162284028
-0.007959418198,0.001386466011,97,45,0.2279364347,-0.9376090295
0.003147700872,0.001647938645,91,67,-0.7135592207,-0.8895881108
-0.003872767508,-0.001671114754,99,85,0.6165960167,-0.8579552459
0.003457037981,0.009401181988,83,91,0.7130658475,0.1444924391
-0.009985165157,0.003044863051,91,53,-0.09134997069,-0.8386222583
-0.01691837795,-0.01364987831,59,61,-0.001815700854,0.1673574228
-0.002619842781,0.002005350868,89,95,0.7668339925,-0.8094916676
-0.004674454959,0.01069371496,89,90,0.5839735087,0.03756565395
-0.001963734734,-0.002728908123,100,69,-0.8036265266,0.8117053395
0.005888292196,0.000992561685,49,83,0.7114736824,-0.9176173801
-0.008707286763,-0.01723255446,100,43,-0.1292713237,0.2590001581
0.00884617414,0.001851489965,97,93,-0.1419211084,-0.8278114333
-0.0004663513339,0.0111610453,69,58,0.967821758,-0.3526593729
0.01094924828,0.01355735543,47,41,-0.4853853307,-0.4441484274
-0.007469559863,0.002387528704,87,89,0.350148292,-0.7875099454
-0.00462639441,0.002738044873,95,81,0.560492531,-0.7782183653
-0.007282963843,0.0009648968136,97,61,0.2935525072,-0.9411412944
0.0001900729635,0.0135218864,83,65,-0.984223944,-0.1210773841
-0.001941837768,0.009379870168,79,99,0.8465948163,0.07139285341
0.004159814371,0.0002646101273,93,89,-0.6131372635,-0.9764496987
0.00352045534,0.005419636185,81,97,-0.7148431175,-0.47429529
0.004217759906,-0.002275517133,92,75,0.6119660887,0.8293362151
0.0008705434254,-0.008290985571,23,100,-0.9799775012,0.1709014429
-0.003626854423,0.000346168106,83,53,0.6989710829,-0.9816530904
-0.0004319760008,0.008862500403,85,97,0.9632820399,-0.1403374609
0.02009146308,0.01085219632,48,77,0.03560977212,-0.1643808832
-0.01167098764,0.008089426503,79,97,0.0779919767,0.2153256292
0.009860288116,0.006322541949,95,98,-0.06327262897,-0.380390889
0.002527637273,-0.01163729983,87,85,-0.7800955573,-0.0108295148
-0.0005843488398,0.00191641685,71,77,0.9585112324,-0.8524359026
0.002151982513,0.0007836035409,69,47,-0.8515132066,-0.9631706336
0.01608399732,0.002678588907,59,91,-0.05104415831,-0.7562484095
0.007873823314,0.00224423072,99,79,-0.2204914919,-0.8227057731
-0.01583498314,-0.004554814078,51,62,0.1924158599,0.7176015271
-0.01032037465,-0.009634953809,51,89,0.4736608928,-0.142489111
0.01003706196,-0.001468300386,85,92,-0.1468497334,0.8649163645
0.001772144574,-0.009331178971,71,91,-0.8741777352,0.1508627136
-0.009037389023,-0.001003093567,87,55,0.213747155,0.9448298538
0.008229073215,-0.00521944161,98,73,-0.1935508249,0.6189807624
0.01207626044,0.005747121332,82,95,-0.009746644242,-0.4540234735
0.0002019947339,0.001635520452,81,41,-0.9836384266,-0.9329436615
0.008490888579,-0.002475344006,83,95,-0.2952562479,0.7648423194
-0.003565982612,-0.01008761202,79,43,0.7182873737,0.566232683
-0.009690758106,-0.006386208702,87,88,0.1569040448,-0.4380136342
-0.01066376626,0.0003406929616,69,49,0.2642001283,-0.9833060449
0.0009936018043,-0.009625509046,35,82,-0.9652239368,-0.2107082583
-0.01018277062,0.0009729058354,61,71,0.3788509921,-0.9309236857
0.001424229704,-0.003235991992,88,59,-0.8746677861,0.8090764725
0.006980348529,0.01023457245,83,90,-0.4206310721,0.07888847923
-0.00538549644,-0.009553901551,97,96,0.4776068453,0.0828254511
-0.003260280589,0.006871956351,69,97,0.7750406394,-0.333420234
0.007998192409,-0.001366683201,95,99,0.2401717211,0.8646983631
0.001705515649,0.0008628496338,65,69,-0.8891414828,-0.9404633753
0.008855688972,0.00474075007,71,79,-0.371246083,-0.6254807445
-0.009973619023,0.001238175799,91,80,-0.09240066895,-0.9009459361
-0.00472135717,-0.004503961166,97,89,-0.5420283545,0.5991474563
-0.001730287186,0.00638297348,75,97,0.8702284611,0.3808515724
0.007368227569,-0.006912383428,95,96,-0.300018381,-0.3364111909
0.008823121529,-0.007188272814,81,97,-0.2853271561,0.3027375371
-0.002067260651,-0.005224746465,75,29,0.8449554511,0.8484823525
-0.005354385297,-0.01319922057,80,41,-0.5716491762,-0.4588319566
-0.007314417579,0.00704971394,85,74,-0.3782745058,-0.4783211684
-0.001799692535,-0.0007172569754,55,57,0.9010169106,0.9591163524
0.007622019299,-0.01140585491,61,72,0.5350568227,-0.1787784464
0.004050684161,-0.0004710177957,91,79,-0.6313877414,0.9627895941
-0.009264163744,0.001122627143,86,65,-0.203281918,-0.9270292357
-0.006734667808,0.001314747856,83,79,0.4410225719,-0.8961349194
0.009763038326,-0.001094668828,77,95,-0.2482460489,-0.8960064614
0.007545226195,-0.006163983738,67,47,0.4944698449,0.7102927643
0.007339349109,-0.01631357648,97,49,-0.2880831364,0.2006347523
0.0003037203664,0.01098692787,77,53,-0.9766135318,-0.4176928231
-0.01054160443,-0.01072529958,89,77,-0.06179720585,0.1741519325
-0.004073273406,0.008613739322,89,75,0.6374786669,0.3539695508
0.006074441368,0.03618666898,91,19,0.4472258355,-0.3124532893
-0.003034168985,0.004633213153,100,31,0.6965831015,-0.8563703923
-0.002071932509,-0.01164154008,71,41,0.8528927918,0.5226968569
-0.003287795757,0.002648821932,80,89,0.7369763394,-0.764254848
-0.006462507797,0.006499784335,72,95,0.5346994386,-0.3825204882
-0.007464576738,-0.007018084661,97,73,0.2759360564,0.4876798197
-0.0004502017232,-0.001103216205,71,63,0.9680356777,0.9304973791
0.0006065056126,0.005850496549,95,29,-0.9423819668,-0.8303356001
0.005152515105,-0.001809193731,87,59,-0.5517311859,0.8932575698
-0.00692415402,-0.005646695546,95,71,0.3422053681,0.5990846162
0.002018784502,-0.002173921951,95,71,-0.8082154723,0.8456515415
-0.01052210878,-0.005277776388,81,95,0.147709189,0.4986112432
-0.002154172143,0.01025412761,79,97,0.8298204007,-0.005349621441
-0.005274270952,-0.000778066239,81,61,0.5727840529,0.9525379594
0.0002026041517,0.002254631545,73,45,-0.9852098969,-0.8985415805
-0.002897425584,-0.01076000561,97,43,0.7189497183,0.5373197588
0.02511869587,-0.01092379441,37,81,-0.07060825287,0.1151726525
-0.006540914811,-0.005628935144,99,85,-0.3524494337,-0.5215405128
0.009956722737,0.001975720068,98,55,0.02424117178,-0.8913353963
-0.004579360033,-0.003438574777,87,95,-0.6015956772,0.6733353961
0.004627367724,-0.01370025275,71,67,-0.6714568916,-0.08208306569
0.004990419925,-0.006967253551,41,90,-0.7953927831,0.3729471804
0.01579600907,-0.003378523435,59,97,-0.06803546461,0.6722832268
0.00174101385,-0.001533149817,53,86,-0.907726266,-0.8681491157
-0.007229882537,-0.01142493136,80,53,0.4216093971,0.3944786379
-0.00543795382,-0.0004403474997,86,85,-0.5323359715,0.9625704625
0.003019303358,-0.004780726157,77,97,-0.7675136414,0.5362695628
-0.002148823228,0.004280321126,97,95,0.7915641469,-0.593369493
0.0001359055744,-0.006901362214,83,91,-0.9887198373,0.3719760386
0.004732191518,-0.006876715157,89,83,-0.5788349549,0.429232642
0.02427800636,-0.03699671801,31,19,0.2473818028,0.2970623578
0.004445248317,0.01342855947,76,65,0.6621611279,0.1271436342
-0.009575935648,0.006633716115,62,55,-0.4062919898,0.6351456137
0.0005356566135,-0.004339988595,87,55,-0.9533978746,0.7613006273
-0.0085705164,0.003463252933,95,99,0.185800942,-0.6571379596
-0.008310266252,0.008749356609,97,87,0.1939041736,-0.238805975
-0.001655086197,0.004205294632,73,98,0.8791787076,0.5878811261
0.002452251739,0.007113996392,95,61,-0.7670360848,-0.5660462201
0.0006930360371,-0.00964791209,79,71,-0.9452501531,0.3149982416
-0.009190293666,0.003974949694,63,62,0.421011499,0.753553119
0.006384184511,-0.0006031766022,81,95,-0.4828810546,0.9426982228
0.006044931359,0.009144043741,81,88,-0.5103605599,0.1953241508
0.008938014369,-0.004094168362,56,93,0.4994711954,0.6192423424
0.000233167455,-0.003059519698,93,89,-0.9783154267,0.7277027469
-0.01148762675,-0.007648855302,83,94,0.0465269794,0.2810076016
-0.01046664383,0.001238980629,95,61,-0.005668836066,-0.9244221816
0.008330645448,0.00184756508,61,97,-0.4918306277,-0.8207861872
-0.005878908592,-0.008080671128,73,95,0.5708396728,0.2323362428
-0.0008935485168,-0.0205391823,83,33,0.9258354731,0.3222069841
0.00145017469,-0.01098521001,83,61,-0.8796355007,-0.3299021895
-0.003827812204,0.01163950953,83,79,0.682291587,-0.08047874722
0.002091535623,-0.006398990393,83,91,-0.8264025433,0.4176918742
0.008984257174,0.006450390406,41,88,0.6316454558,-0.4323656443
-0.004659935555,0.002190706078,86,81,0.5992455423,-0.8225528077
0.00669202839,-0.003553814057,95,87,-0.3642573029,0.690818177
0.003606816597,0.001749583132,59,86,0.7871978208,-0.8495358507
0.02104686485,-0.008516959033,23,25,-0.5159221084,0.7870760242
-0.006745690198,-0.004831702678,87,82,0.4131249527,-0.6038003804
-0.007977907822,0.009202348891,81,97,0.3537894665,-0.1073721576
-0.006697080317,0.01015855473,64,65,0.5713868597,0.3396939428
0.00421150148,-0.007382154981,94,83,-0.6041188609,-0.3872811365
0.006681759855,-0.01132554111,83,79,-0.445413932,-0.1052822522
-0.006186408748,0.01065564496,39,62,0.7587300588,0.3393500124
-0.003839473852,-0.003101745725,81,89,0.689002618,-0.7239446305
-0.01290735119,0.007917791134,72,67,-0.07067071427,-0.469507994
0.001634553296,0.005310274732,97,55,-0.8414483303,-0.7079348897
-0.0004540805328,0.008899364456,73,93,0.9668521211,0.1723591056
0.0004933151776,0.001216165905,73,93,-0.963987992,-0.8868965708
0.002427163573,0.008543975603,87,97,-0.7888367692,-0.1712343665
-0.003037315175,0.007373689036,79,98,0.7600521012,0.2773784744
0.003979462692,-0.003534863059,83,91,-0.6697045966,0.6783274616
-0.001221551138,-0.004594718339,41,67,0.9499164033,0.6921538713
-0.008025722099,0.009256325935,85,77,0.3178136216,-0.287262903
0.001359303944,-0.003329220335,88,67,0.880381253,0.7769422376
-0.008644748446,0.0007176460881,99,67,0.1441699038,-0.9519177121
0.001139408077,0.00599000054,51,94,-0.9418901881,-0.4369399493
0.007923508064,0.001754155241,81,92,-0.3581958468,-0.8386177178
0.004731884353,-0.003859586961,98,39,0.5362753334,0.8494761085
-0.005028062494,-0.00080587524,51,77,0.7435688128,0.9379476065
-0.0001447784403,-0.008985267121,79,91,0.9885625032,0.182340692
-0.002604129007,0.008086823418,69,97,0.8203150985,-0.2155781285
0.001998327563,0.01058128761,91,75,-0.8181521918,-0.2064034295
-0.01020014923,-0.008394055857,95,79,0.03098582305,-0.3368695873
-0.001291718767,-0.007193897197,89,69,0.8850370298,0.5036210934
0.006813549323,-0.0111977777,97,85,0.3390857157,-0.04818889569
-0.01032317702,-0.007591792215,91,95,-0.0605908908,-0.2787797395
0.007868192718,0.005439007463,65,99,0.4885674733,-0.4615382612
0.009773525399,0.007599967695,41,75,-0.5992854587,-0.4300024229
0.004626698499,0.00742863591,87,97,-0.5974772305,-0.2794223167
-0.007191831876,-0.004739020115,89,95,0.359926963,-0.5497930891
-0.005867593548,-0.001725394617,98,67,0.4249758322,0.8843985607
0.006925986919,0.009341742839,81,83,-0.4389950595,0.2246353443
0.0003780672866,-0.007117140654,79,99,-0.9701326844,0.2954030752
0.004973762101,0.01935204369,93,37,-0.5374401246,-0.2839743833
-0.003646619339,0.0118820904,67,43,0.7556765043,0.4890701128
-0.003676436083,-0.01438917942,83,56,-0.6948558051,-0.1942059524
-0.01162032734,0.004210608928,65,77,0.2446787227,-0.6757831126
0.008974793321,-0.0004355332692,73,83,-0.3448400876,0.9638507387
0.009338632377,0.008939944296,97,69,0.09415265945,-0.3831438436
0.001316313514,0.005704803287,99,97,-0.8696849621,-0.4466340812
-0.00994846721,-0.0163624315,48,53,0.5224735739,0.1327911308
0.009196571226,-0.008733946668,65,68,-0.4022228703,0.4060916266
-0.001360253503,-0.008788000953,79,92,0.8925399732,0.1915039123
-0.002217783709,-0.004802569243,93,83,0.793746115,0.6013867528
0.003343444981,-0.004985229759,91,85,-0.6957465067,0.5762554705
-0.00401184263,0.007764474764,91,93,-0.6349223206,-0.2779038469
0.00366620958,0.000353644861,81,73,-0.703037024,-0.9741839251
-0.008521537871,-0.0006265493677,83,97,0.2927123567,0.9392247113
0.01028025937,-0.005094220856,75,91,0.2289805474,0.5364259021
0.007833234318,0.0153271191,96,55,-0.2480095055,0.1570084495
0.005497755134,0.001639869483,97,27,-0.466717752,-0.955723524
0.008983920837,-0.00771279589,83,81,-0.2543345705,0.3752635329
0.008521203544,0.006446047352,89,81,0.2416128846,-0.4778701645
-0.01111177222,-0.003106559857,37,31,0.5888644278,0.9036966444
-0.002130254827,0.009332277662,87,85,0.81466783,0.2067563987
-0.0102835668,-0.001146815587,63,59,0.3521352917,0.9323378804
-0.01320604898,-0.009608051037,41,47,0.4585519917,0.5484216013
-0.005857413123,0.004438378378,99,79,-0.4201161009,-0.6493681081
0.01331750885,0.005323114267,65,96,-0.1343619245,-0.4889810303
0.008746955416,0.005979326193,91,57,-0.2040270572,-0.659178407
0.009677447098,0.01159652382,89,69,0.1387072083,-0.1998398567
-0.009852885978,-0.002770038332,68,73,0.3300037535,0.7977872018
-0.01224165472,0.004331941896,79,89,-0.032909277,-0.6144571712
-0.001068792173,0.009887227486,99,95,-0.8941895749,0.06071338879
-0.00330257896,-0.005224925771,99,29,0.6730446829,0.8484771526
-0.005126312477,-0.001180857361,97,93,0.5027476897,0.8901802654
-0.0131419224,0.0008974325499,71,91,0.06692350989,0.918333638
-0.01301688949,0.006730288783,61,67,0.2059697409,-0.5490706515
-0.00617031821,-0.0002393283038,57,77,0.6482918621,0.9815717206
0.01074471002,0.0005151256186,83,35,-0.1081890684,-0.9819706034
-0.003094224046,-0.001879469664,96,79,-0.7029544916,0.8515218966
0.008486835396,0.009249596746,27,95,-0.7708554443,-0.1212883091
-0.006448037523,-0.005712628178,75,97,-0.5163971858,0.4458750667
-0.001495587508,-0.00272490561,95,69,0.8579191867,0.8119815129
0.003300377733,-0.005549260623,67,71,-0.7788746919,-0.6060024958
-0.01033080273,0.01202533427,95,81,0.01857374092,-0.02594792452
-0.003610188608,-0.005635813877,81,97,0.7075747228,0.453326054
-0.006709159017,-0.01719692568,71,53,0.5236497098,0.0885629388
-0.01055904413,0.006027718364,85,93,0.1024812491,-0.4394221921
0.001180578296,-0.00574781547,87,71,-0.8972896883,0.5919051016
-0.004905966118,0.001131378252,97,87,-0.5241212865,-0.9015700921
0.004063029261,-0.002698979651,79,95,-0.6790206884,0.7435969332
-0.00305192172,0.000743985294,97,55,0.7039635932,-0.9590808088
0.001242974056,0.00955448567,71,87,-0.911748842,-0.1687597467
-0.009100030119,0.00549562982,99,73,-0.0990970182,0.5988190232
-0.007883028051,-0.00729860397,75,98,-0.4087728961,0.2847368109
0.01191492156,0.01054238358,47,80,-0.4399986867,0.156609314
-0.01745192125,0.007027483471,49,89,-0.1448558585,0.3745539711
0.003046798188,-0.01035285032,29,71,-0.9116428525,0.2649476273
0.003666471345,-0.01267179099,74,57,-0.7286811205,0.2777079138
0.001634231921,0.001239028168,97,95,-0.8414795037,-0.882292324
0.000739720836,0.01031031436,97,87,-0.9282470789,0.1030026504
-0.00976344965,0.005341068218,71,73,0.3067950749,-0.6101020201
0.001390870862,-0.007435959052,99,97,-0.8623037847,-0.2787119719
-0.002811149979,0.007963584927,87,73,0.7554299519,-0.4186583003
0.00340767377,0.003354515399,74,63,-0.747832141,0.7886655299
-0.006236604682,0.002223935824,97,49,-0.3950493458,-0.8910271446
0.006949376911,-0.002796469173,65,87,-0.5482905008,0.756707182
-0.008160407377,-0.01337510262,81,67,0.3390070025,0.1038681245
0.009759219163,-0.01056962884,99,91,-0.03383730287,0.03816377557
0.002277786046,0.005783633896,49,55,-0.8883884837,-0.6819001357
0.003529968729,0.002014446166,96,85,0.661123002,-0.8287720759
0.008674760936,-0.003325765796,67,91,-0.4187910173,0.6973553126
-0.01084383013,-0.0001533536899,9,85,0.9024055288,0.9869649364
-0.01234278409,-0.00733689957,59,81,0.271775739,-0.4057111349
0.0008079338133,0.006478244266,79,95,-0.9361732287,-0.3845667947
0.009309147433,-0.001553564288,87,89,-0.1901041734,0.8617327784
-0.00123824369,-0.00603664758,71,79,0.912084698,0.5231048412
-0.009853948472,-0.008062461393,79,71,0.2215380708,0.4275652411
-0.001894759782,0.005384082014,97,91,-0.8162083011,-0.5100485368
0.006078596467,0.0007139662286,83,27,-0.4954764932,-0.9807229118
-0.006553315594,-0.005146504302,95,74,0.3774350186,0.6191586816
-0.004832968331,0.007921750966,85,97,0.5891976919,-0.2315901563
0.0007561544862,0.004247008003,97,90,0.9266530148,-0.6177692797
-0.006595562251,0.003498929444,99,89,0.3470393371,-0.6885952795
-0.01404204012,-0.003942894331,71,15,-0.003015151266,0.940856585
0.0484353215,-0.01228946598,17,79,-0.1765995346,0.02913218755
0.008878380837,0.003262479353,79,85,-0.2986079139,-0.722689255
0.009901269157,0.0007430779084,93,91,-0.07918196839,-0.9323799103
-0.002701801171,0.002559455456,93,61,0.7487324911,-0.8438732172
-0.01310732211,0.004472576131,49,92,0.3577412166,-0.5885229959
-0.004580643957,0.005680244739,95,91,0.5648388241,-0.4830977287
-0.009359294201,0.004322439772,69,85,0.3542087001,-0.6325926194
-0.0160251951,0.001682459982,59,82,0.05451348901,-0.8620382815
-0.01097471087,-0.002841896184,81,85,0.1110484195,0.7584388244
-0.01048052034,0.003650963164,74,67,-0.2244414947,-0.755385468
-0.003753544839,-0.0133725885,65,61,0.7560195854,0.1842721017
0.001350364919,-0.00221085626,57,73,-0.9230291996,0.8386074931
-0.007587372804,-0.01648554723,53,34,0.5978692414,0.4394913941
-0.001667854913,0.004484930154,47,95,0.9216108191,-0.5739316354
0.009302084634,0.003748334133,97,87,-0.0976977905,-0.6738949304
-0.001815439333,-0.00546910066,87,71,0.842056778,0.6116938532
-0.01123649947,0.0002255607748,85,77,0.04489754464,-0.9826318203
0.001007003055,0.003628252586,71,89,-0.9285027831,-0.6770855198
0.0003933710576,0.002753036222,87,80,-0.965776718,-0.7797571022
0.007529680995,-0.001199026187,93,98,0.2997396674,0.8824954337
-0.001271987025,0.00293555016,82,61,-0.8956970639,-0.8209314402
0.01056342049,-0.01615994941,63,55,-0.3345045094,0.1112027826
0.008164526759,-0.001162106109,93,61,-0.2406990114,0.9291115273
0.0002295997302,0.008836333686,77,75,-0.9823208208,-0.3372749735
-0.005572207228,0.009529305681,76,97,0.5765122507,-0.07565734892
-0.0007544807886,-0.004314704371,59,87,0.9554856335,0.6246207197
0.0008887303512,-0.009843442623,92,77,0.9182368077,0.2420549181
0.007286599936,0.004998974745,55,79,0.5992370035,-0.6050809952
-0.004659673482,-0.0057810234,87,89,-0.5946084071,0.4854889174
0.0005592649701,-0.009214068187,83,91,-0.9535810075,0.161519795
-0.01396052056,0.008226271247,67,59,0.0646451226,-0.5146499965
0.01057655764,-0.003855635724,87,95,-0.07983948508,-0.6337146062
-0.0009776230046,0.002133257508,89,82,0.9129915526,0.8250728843
0.006421014843,0.003363765517,91,83,-0.4156876493,-0.7208074621
-0.005227475329,-0.013344423,59,67,-0.6915789556,0.1059236591
0.002163155314,0.002869603794,97,85,-0.7901739345,-0.7560836775
-0.002894964076,-0.007977729936,41,67,0.8813064729,0.4654920943
-0.00434823255,0.0009986924391,87,83,0.6217037681,-0.9171085276
0.00190653623,-0.0002378898621,79,51,-0.8493836378,0.987867617
0.0006923085103,-0.006736104144,57,89,-0.9605384149,0.4004867312
-0.004706041295,0.004749645214,59,65,0.7223435636,-0.6912730611
0.006459203521,0.001366215528,81,89,-0.4768045148,-0.8784068181
0.01076975277,-0.01006479449,87,77,-0.06303150885,0.2250108241
-0.005106540146,-0.007512826559,81,97,0.5863702482,0.2712558238
-0.00198334499,-0.003798367432,93,83,-0.8155489159,0.6847355032
-0.04064046256,-0.006751430507,21,79,0.1465502863,0.4666369899
-0.005899412962,0.0002367818208,79,97,0.533946376,-0.9770321634
0.002800240368,0.009189031915,91,72,0.7451781265,-0.3383897021
0.004093035766,0.006156714675,93,55,0.6193476737,-0.6613806929
0.007113673088,-0.007755336635,99,73,0.2957463643,0.4338604256
-0.01041878571,0.004403421982,71,67,0.2602662149,0.7049707272
0.004879514059,-0.006193700301,47,87,-0.7706628392,-0.4611480738
0.004825715653,0.001841850881,93,83,-0.5512084443,-0.8471263769
0.01040012461,0.001975979209,92,97,-0.04318853569,-0.8083300168
-0.0101066329,0.002380286269,53,65,0.4643484565,-0.8452813925
-0.007848927949,0.002516715609,89,86,-0.3014454125,-0.7835624577
-0.005259392835,-0.003392705822,99,97,0.4793201093,0.6709075352
-0.007426319762,0.001441717225,61,94,0.5469944945,-0.8644785808
0.001889072183,-0.0005795423466,83,67,-0.8432070088,0.9611706628
-0.002408098005,-0.002899532771,83,70,0.8001278656,-0.797032706
-0.002626800803,-0.003756347193,76,91,0.800363139,0.6581724054
0.01071732748,0.01058821295,91,93,-0.02472319975,-0.01529619576
0.007324323573,-0.00746446755,44,57,0.6777297628,0.5745253497
-0.008166973903,-0.01334522447,63,41,0.4854806441,0.4528457967
0.001587940769,-0.0006835431741,83,55,-0.8682009162,0.9624051254
-0.007301273206,-0.01036443189,97,78,0.291776499,-0.1915743126
0.0005445823622,0.0005798107423,87,71,-0.9526213345,-0.9588334373
0.005653657343,-0.0008177497219,73,91,-0.587283014,0.9255847753
0.002985221331,0.005980379903,65,89,-0.8059606135,-0.4677461886
-0.009309158886,0.01346766381,95,71,0.1156299059,-0.04379586964
0.007668028561,-0.007247919188,59,68,-0.5475863149,0.5071414952
-0.003274683193,0.018621168,89,43,0.7085531959,-0.1992897761
0.005137110941,0.006773241277,91,97,-0.5325229044,0.3429955961
0.003831676494,-0.006892709653,88,95,-0.6628124685,0.345192583
-0.005220348942,0.004222411183,93,73,0.5145075484,-0.6917639837
0.005213781022,-0.0001769248358,81,77,-0.5776837372,0.9863767876
0.001615448366,0.002300345976,87,68,-0.8594559921,-0.8435764736
0.006806330832,-0.003070594316,83,91,-0.4350745409,0.7205759173
0.00229670581,-0.001239911107,67,87,-0.8461207107,0.8921277337
0.0004255476252,-0.008439436832,43,61,-0.9817014521,0.4851943533
-0.00986238191,-0.004771134314,63,67,0.3786699397,0.6803340009
-0.003273546802,-0.001095600365,77,95,0.7479368962,0.8959179653
-0.005005605452,-0.009073271521,73,81,0.634590802,0.2650650068
-0.007779181626,-0.005591399637,97,65,0.2454193822,0.6365590236
0.00107035654,0.007354099341,33,97,-0.9646782342,-0.2866523639
0.01110835134,-0.004013389166,65,79,-0.2779571629,0.6829422559
0.01065968044,0.02564081735,71,32,0.2431626889,-0.1794938448
-0.001704691024,-0.007655378708,65,97,0.8891950835,0.2574282654
0.0117510404,0.006471448644,73,90,-0.1421740511,-0.417569622
0.004899025875,0.009292264238,56,99,0.725654551,-0.08006584039
0.01007265426,0.004294113987,69,77,-0.3049868562,-0.669353223
-0.002968243576,0.005507025271,91,85,0.7298898345,-0.531902852
0.007790913493,0.004539864935,85,76,-0.3377723531,0.6549702649
-0.005184877223,0.01187032601,67,71,0.652613226,-0.1572068536
-0.00652136289,0.01049060776,91,94,-0.406555977,-0.0138828701
-0.005425989994,0.00384329325,87,73,0.5279388705,-0.7194395927
0.000958204434,-0.004809864081,99,97,-0.905137761,0.5334431842
-0.0113060939,0.002835341835,81,86,0.08420639436,0.7561606022
-0.01185363731,0.002560584484,67,63,0.2058063003,-0.8386831775
0.006164003571,0.01145098406,93,59,-0.4267476679,-0.3243919406
-0.008244459416,-0.001378547696,75,73,0.3816655438,0.8993660182
0.006054861337,-0.001025010883,91,89,-0.4490076183,-0.9087740314
0.008718899689,-0.005939026302,97,79,-0.1542667302,0.5308169222
-0.01055078874,0.01115815173,87,85,0.08208137922,0.05155710281
-0.005024404193,0.006651682208,82,65,-0.5879988562,-0.5676406565
-0.005200549233,0.01094794481,47,71,0.755574186,-0.2226959182
0.009258898181,-0.01283201645,59,77,-0.4537250073,0.01193473305
0.009420894161,-0.01428857911,83,46,-0.2180657847,0.3427253608
-0.006745702995,0.002154690607,81,68,0.4535980574,0.8534810387
-0.003968293557,-0.001212734933,97,57,0.615075525,0.9308741088
-0.006326992778,-0.0008022220324,85,27,0.4622056139,0.9783400051
-0.001567797084,0.008116927089,82,99,-0.8714406391,-0.1964242182
-0.01090025873,0.00886395594,59,73,0.3568847347,-0.3529312163
0.01079576735,0.003057372259,91,99,-0.01758517118,0.6973201463
-0.01115992734,0.009724797111,79,85,0.1183657398,0.1733922456
0.01143869056,0.00406318697,85,89,-0.02771130261,-0.6383763597
-0.007998413247,0.01266264715,98,71,-0.2161555018,-0.1009520526
-0.0001515328294,0.003321423406,83,81,0.9874227752,-0.7309647041
-0.00242008248,0.006624904159,87,97,0.7894528243,-0.3573842966
0.01062759578,-0.002149976662,93,13,0.01163359213,0.9720503034
0.001990236403,-0.008508095064,65,57,-0.8706346338,0.5150385814
0.008846761356,-0.008629452924,82,71,0.2745655688,0.3873088424
0.01040661059,-0.005806856531,19,99,-0.8022743988,-0.4251212034
-0.02091013223,0.003269362618,41,39,0.1426845786,-0.8724948579
-0.005639168676,-0.001900358941,69,73,0.6108973614,0.8612737973
0.003737629723,0.008338989522,83,85,-0.689776733,-0.2911858906
0.005309151537,-0.006365969737,85,98,-0.5487221194,-0.3761349657
-0.004596363921,-0.002528365364,83,79,0.6185017946,0.8002591363
0.003684229064,-0.007391695989,97,95,-0.6426297808,0.2977888811
-0.01115950379,0.004468607893,67,79,0.252313246,-0.6469799765
0.001689629522,-0.01293041444,97,57,-0.8361059364,-0.2629663767
-0.001905612624,-0.01876933245,49,31,0.9066249814,0.4181506939
0.01824695645,0.002682481281,49,99,-0.1058991341,0.7344343532
0.006209041856,0.00499049637,71,97,-0.5591580282,-0.5159218521
0.0107334409,0.006758039984,65,69,-0.3023263416,-0.5336952411
-0.00707125883,0.025183646,95,31,0.3282304111,-0.219306974
0.001441177517,-0.00430402666,99,89,-0.8573234258,0.6169416273
0.004140017983,-0.009252511865,88,67,-0.6356784175,0.3800817051
0.001914448333,-0.001572425896,63,97,-0.879389755,0.8474746881
0.001615966926,-0.01042735735,37,95,-0.9402092237,-0.009401051481
0.001538729362,0.002556746684,93,89,-0.8568981694,-0.7724495452
-0.003900617732,-0.003934672019,97,61,0.62164008,0.7599850068
0.009587309467,-0.01023949622,15,91,-0.856190358,0.06820584421
-0.0009512056529,-0.01291550216,53,74,0.9495861004,-0.0442528405
0.005076515863,-0.01086564755,23,71,-0.8832401351,0.228539024
0.0008913017423,-0.0117429393,97,81,0.913543731,0.04882191709
-0.009679714161,-0.009746005854,97,57,0.06106772641,0.4444776663
0.01023042665,-0.01154934726,91,81,-0.06903117489,0.06450287231
-0.00342102008,0.01108561419,91,83,0.6886871727,0.0798940223
0.01048699079,-0.001116346658,78,95,-0.1820147184,0.8939470675
-0.005306835455,-0.00845901217,89,95,0.5276916445,0.1963938438
-0.0006035617712,0.007863252287,73,95,0.9559399907,0.2529910327
0.002695801327,-0.004969415997,69,91,-0.8139897085,0.5477831442
0.003797971493,0.005501880693,81,97,-0.6923643091,-0.4663175728
0.007042134604,0.003816850255,99,41,0.3028286742,-0.8435091395
-0.004789302358,0.001056852195,93,94,0.5545948807,-0.9006558937
-0.004121110931,-0.01472776124,73,48,0.699158902,0.2930674605
-0.01590492884,0.002758833581,31,65,0.5069472061,-0.8206758172
-0.008614558897,-0.006731973842,66,97,-0.4314391128,0.3469985373
-0.006412157952,-0.002943334908,73,93,0.5319124695,0.7262698535
0.009809336079,0.01050801496,59,92,-0.4212491713,0.03326262323
0.002091125333,-0.01048405911,51,95,-0.893352608,-0.00401438449
0.007339147738,0.003796810671,85,83,-0.3761724423,-0.6848647143
-0.004856388665,-0.005161728245,51,67,0.7523241781,0.6541642076
-0.007188919339,-0.0009104463203,69,91,0.5039645656,0.9171493849
0.001652454492,0.009477304445,94,87,-0.8446692778,-0.1754745133
-0.002501512059,-0.002388189308,91,83,0.7723624026,0.8017802875
-0.001985720063,-0.008114405007,74,57,-0.8530567153,0.5374789146
0.002494267496,-0.001274176773,85,99,-0.7879872628,-0.8738564994
0.004309295576,0.01966922972,83,35,0.6423284672,-0.3115769598
0.001709283973,0.001348861886,97,99,-0.8341994546,0.8664626733
-0.008132505236,0.007871071111,93,97,0.2436770131,0.2365061022
-0.001265963166,-0.003533004563,63,74,0.9202443205,-0.7385576623
0.0008023592068,-0.002925915363,93,91,-0.9253805938,0.7337417019
-0.009376641714,-0.005267891677,71,100,0.3342584383,0.4732108323
-0.005253081323,0.0006309468422,88,95,-0.5377288436,-0.94006005
-0.00643855894,0.01183152756,98,65,0.3690212238,-0.2309507083
0.001965955652,0.006532814566,73,89,-0.8564852374,0.4185795037
0.005659722528,0.003424497662,95,83,-0.4623263599,-0.7157666941
0.0008768408936,-0.003816098087,75,91,-0.934236933,0.6527350741
0.01105972953,0.004259022201,83,99,-0.08204244917,-0.5783568021
-0.008871103935,0.006486540691,87,89,0.2282139577,-0.4226978785
0.003242482254,-0.003240398004,81,85,-0.7373589374,0.7245661697
-0.002944113283,0.008774377104,81,74,-0.7615268241,-0.3506960943
0.01372870233,-0.001273312494,63,37,-0.1350917531,0.9528874377
0.002019951995,-0.00433231656,99,91,-0.8000247525,0.605759193
0.0006189086269,-0.008898913313,95,82,-0.9412036804,-0.2702891083
-0.00553734845,-0.01004940003,90,89,-0.5016386395,0.1056033969
-0.002200587722,0.007257086234,71,81,0.8437582717,-0.4121760151
-0.0002041740171,-0.002241652312,99,59,0.9797867723,0.8677425136
-0.01102816251,0.002716244591,69,11,0.239056787,-0.9701213095
0.008162207913,-0.01314067565,83,52,0.3225367432,0.3166848661
0.007006544752,0.0008831365081,73,61,0.4885222331,-0.946128673
-0.01297628591,0.0042347783,75,37,-0.02677855681,-0.8433132029
0.0116089055,0.005616990398,67,87,-0.2222033312,-0.5113218354
-0.0007384294946,0.0008186381189,97,99,-0.928372339,-0.9189548262
0.002843196944,0.007499682534,83,67,0.7640146537,-0.4975212703
0.005919737429,-0.00973890392,67,84,-0.6033775923,0.1819320707
-0.001672957296,0.001407760351,91,87,0.8477608861,-0.8775248494
-0.01005833229,-0.002384163085,97,99,0.02434176811,0.7639678546
-0.002189052358,0.01473910245,97,33,0.7876619212,-0.5136096193
0.0002269813048,0.004131059785,91,81,-0.9793447013,-0.6653841574
0.01335399963,0.003779190865,61,89,-0.1854060223,0.663652013
-0.008626982698,-0.002809337948,89,66,-0.2321985399,0.8145836954
0.004624289976,0.007080213445,93,97,-0.5699410323,-0.3132192959
-0.000921094442,0.004154216507,91,89,-0.9161804058,-0.6302747309
-0.007714191067,0.008630315471,77,100,0.4060072879,-0.1369684529
-0.001188876745,-0.003054546416,95,84,0.8870567092,-0.7434181011
0.0003958512871,-0.005409656683,89,69,-0.9647692354,0.6267336889
-0.01351227489,0.001938918553,51,95,0.3108739804,-0.8158027375
-0.01401476418,-0.006237360249,40,87,-0.439409433,0.4573496583
-0.006537062903,0.004463495617,69,83,0.5489426597,-0.6295298638
0.003103855714,0.002958626854,97,99,-0.6989259957,-0.7070959414
0.009014869443,0.005451679016,97,92,-0.125557664,0.4984455305
0.003089242091,0.001659556773,84,71,0.7405036643,-0.8821714691
-0.009836270211,-0.001217627618,71,89,-0.301624815,0.891631142
-0.008400015997,0.01274941345,99,71,0.1683984163,-0.09479164494
-0.002307864117,0.005435908771,99,35,-0.7715214524,-0.809743193
0.01593283472,0.007846588349,53,81,-0.1555597598,-0.3644263437
-0.0009873908531,-0.009393963652,91,75,0.9101474324,-0.2954527261
0.01143526369,0.005177487162,83,81,-0.05087311375,-0.5806235399
0.008539897113,0.008216320056,99,89,0.1545501859,-0.268747515
0.005893390071,0.004748600288,75,67,0.5579957447,-0.6818437807
-0.00739542782,-0.004736299133,93,95,0.3122252128,0.5500515823
-0.008359333851,0.0007641358915,99,79,0.1724259488,-0.9396332646
-0.009642641274,0.00503086845,58,97,0.4407268061,-0.5120057604
0.008106932834,0.01186799069,89,74,-0.2784829777,-0.121768689
0.01615612966,0.05165938611,37,11,0.4022232026,-0.4317467528
-0.0121245351,0.008388869283,49,100,0.4058977801,-0.1611130717
-0.01043281542,0.005401077809,95,91,-0.008882535446,-0.5085019194
0.002222650825,0.009643232546,29,83,-0.9355431261,0.1996116987
-0.008571548578,0.00556051,97,93,0.168559788,-0.48287257
-0.007410485836,-0.009401290787,98,89,0.273772388,0.1632851199
0.01124656735,0.003286249831,85,97,0.04404177496,-0.6812337664
-0.005304141233,-0.005525203516,74,87,0.6074935487,0.5193072941
0.004029677627,0.01181725712,99,73,-0.6010619149,-0.1373402305
-0.003166701993,-0.009537761229,59,95,0.8131645824,0.09391268326
-0.008409766232,0.008665072003,97,95,-0.1842526755,-0.1768181597
0.007738052042,0.004449944462,97,63,-0.2494089519,-0.7196534989
-0.0028657639,-0.001674087183,80,73,-0.770738888,0.8777916356
-0.0003452071114,-0.002582430934,91,71,0.9685861529,0.8166474037
-0.009240984722,0.008148004058,87,83,-0.1960343292,-0.3237156632
-0.0007433060783,0.004139061434,49,69,0.9635780022,-0.714404761
0.002618531096,-0.0008787820193,87,91,-0.7721877946,-0.9200308362
-0.004635949932,-0.00854099741,61,90,0.7172070542,0.2313102331
0.007286853932,0.01162289239,85,79,-0.3806174158,0.0817915015
0.00163171908,0.01372196148,97,45,-0.8417232493,-0.3825117336
-0.00398698309,0.001340638584,83,95,-0.6690804035,-0.8726393345
-0.005016757185,0.006280729834,94,77,0.5284248246,-0.5163838028
0.01168579553,-0.005651605809,61,71,-0.2871664729,0.5987359876
0.01015172006,0.00840168608,80,99,0.1878623954,0.1682330781
-0.002503241517,0.005311359808,73,89,0.8172633693,-0.5272889771
0.001204204081,0.01311756038,73,57,-0.9120931021,-0.2522990585
-0.0005097290151,-0.003336988683,69,77,0.964828698,0.7430518714
0.01171592029,0.008575154983,83,93,0.02757861583,0.2025105866
-0.00316880382,-0.004578693445,97,65,0.6926260295,0.7023849261
-0.001197333419,-0.01021789424,89,79,0.8934373257,-0.1927863553
-0.009938353303,-0.007173105093,45,29,0.5527741014,0.7919799523
0.00755232393,0.008970770203,64,83,0.5166512684,-0.2554260732
0.002588260066,0.001138557943,73,95,-0.8110570152,0.8918369954
0.001999293542,-0.007219025484,83,95,-0.834058636,0.314192579
0.007998272359,-0.001458613251,85,89,-0.3201468495,0.8701834207
-0.0002178772189,-0.009694466518,79,97,0.9827876997,0.05963674779
0.01030487255,-0.009998670998,82,89,-0.1550004505,-0.1101182812
-0.006466190962,0.01270719963,89,61,0.4245090044,-0.2248608225
0.01378921888,0.00335253818,61,97,-0.158857648,-0.6748037965
-0.0006699600099,0.0114207996,100,47,0.933003999,-0.4632224187
-0.002397173936,-0.004810514386,59,70,0.8585667378,-0.6632639929
0.01107607561,-0.007919502468,87,97,-0.03638142154,0.2318082606
0.001567953884,-0.006671597067,99,97,-0.8447725654,0.3528550845
0.006517071157,0.002946363611,95,71,-0.3808782401,-0.7908081836
0.009038275861,-0.009916444447,89,71,0.1955934484,0.2959324442
-0.01128725794,-0.009646276268,81,91,0.08573210663,0.1221888596
-0.003479920428,0.006732040341,71,98,-0.7529256496,0.3402600465
-0.006721416724,0.0007935158652,69,97,0.5362222461,0.9230289611
0.007221250654,-0.01015127486,91,96,-0.3428661905,0.02547761383
-0.00199468601,-0.006510024317,83,99,0.8344410611,0.3555075926
0.007262372823,-0.006759253058,99,79,-0.2810250905,0.4660190084
-0.007596289768,0.003135162993,49,97,0.6277818014,-0.6958891897
-0.006271090309,0.008861514178,67,94,0.5798369493,0.1670176673
-0.00656579905,-0.006732568879,98,41,0.3565516931,0.723964676
0.005229779686,0.01207462396,55,47,0.7123621173,-0.4324926739
0.007212024672,0.01327638499,85,69,-0.3869779029,-0.08392943579
0.0007378771862,0.003285696574,65,87,-0.9520379829,-0.7141443981
-0.006922229828,-0.001572840594,97,100,0.3285437067,0.8427159406
-0.0009630709785,-0.001513477346,91,83,0.912360541,0.8743813803
0.009825217678,0.00621455195,97,95,0.04695388527,-0.4096175648
0.002859514752,-0.005918371908,79,71,-0.7740983346,0.5797955945
-0.0006013446023,0.007784529729,97,89,0.9416695736,-0.3071768541
-0.0004429606825,0.008145145505,91,96,0.9596905779,-0.2180660315
0.001778552529,-0.005797043962,71,57,-0.8737227705,0.6695684942
0.008349652904,0.003928603884,79,67,-0.3403774206,-0.7367835398
0.008875361208,-0.003192242612,45,89,-0.6006087457,0.7158904076
-0.006461443566,0.0186149678,91,53,0.4120086355,-0.01340670635
0.01030484023,-0.00296565076,71,96,-0.2683563439,0.715297527
-0.0007794790143,0.0004680000688,99,73,0.9228315776,-0.965835995
-0.008380903835,-0.001015470103,85,89,0.287623174,0.9096231608
-0.009854505648,-0.007354923121,91,97,0.103239986,-0.2865724572
-0.003875895142,0.00790367566,83,89,0.6783007032,-0.2965728662
0.001162097325,0.009904205095,37,91,-0.957002399,-0.09871733635
-0.005957635792,0.009124993139,77,85,-0.541262044,-0.2243755832
0.004356420002,0.009439344716,95,72,0.5861400998,-0.3203671805
-0.01193376012,0.001614973912,51,79,0.3913782339,-0.8724170609
-0.007190204327,0.01912291342,74,41,-0.4679248798,-0.2159605496
0.002404407484,-0.00982098941,29,97,-0.930272183,0.04736402722
-0.01020734527,-0.008331025745,63,97,-0.356937248,0.1918905028
-0.007268405029,0.01320195469,84,67,0.3894539775,0.115469036
-0.007172283766,0.0001635563093,75,91,0.4620787176,-0.9851163759
-0.001372582592,-0.001039154647,77,75,0.8943111404,0.9220634015
0.009961624797,-0.009684297768,55,47,-0.4521106362,0.5448380049
0.004685799648,-0.003741916946,83,67,-0.6110786292,0.7492915646
-0.0007504683358,0.006733362125,87,89,0.9347092548,-0.4007307708
0.005658242343,-0.002149112709,91,83,-0.4850999468,0.8216236452
-0.0009582625731,0.003196671403,73,96,0.9300468322,-0.6931195453
-0.0002805458809,0.006797267755,75,67,0.9789590589,-0.5445830604
-0.00382516176,-0.01134660783,73,61,0.7207631915,0.3078569224
-0.009995240343,0.008150740236,82,95,-0.1803902919,-0.2256796776
-0.0004124910377,0.0005261942274,77,83,0.9682381901,-0.9563258791
0.003487609303,0.01023152209,97,83,-0.6617018976,-0.1507836665
0.01110959653,-0.006225973114,53,91,-0.411191384,-0.4334364466
0.002646656492,-0.007158759423,97,71,-0.7432743202,0.491728081
-0.007586327529,-0.005185565809,59,93,0.5524066758,0.5177423798
0.003785731572,0.004980069005,85,97,-0.6782128164,-0.5169333065
0.00617416953,-0.007099223683,77,85,-0.5245889462,0.396565987
0.003318015246,0.006602436201,99,89,-0.6715164906,0.4123831781
-0.0006425484637,0.006247973067,97,85,0.937672799,0.4689222893
-0.009337570966,0.007280104165,91,99,-0.1502810421,-0.2792696876
0.008056718497,-0.005748150292,61,83,-0.5085401717,0.5229035257
0.003144161259,-0.007949351301,89,75,-0.7201696479,0.4037986524
0.006233484122,0.007570098572,62,27,-0.6135239844,-0.7956073386
-0.005013583994,0.003205102841,95,69,0.5237095205,-0.778847904
-0.008225214589,0.004410551276,91,93,0.2515054724,-0.5898187313
-0.006794498303,-0.01434894594,97,29,-0.3409336646,0.5838805677
0.006165285313,-0.002358030119,95,79,-0.4142978952,0.8137156206
-0.001648334435,-0.01670990859,79,57,0.8697815797,0.04753521036
0.01745183198,-0.002932024992,49,90,-0.1448602331,0.7361177507
0.007057010258,0.001348536296,83,43,-0.4142681486,-0.9420129393
0.01002477369,0.01133009561,98,81,0.01757217841,-0.0822622558
0.0002721227108,0.004604077467,83,85,-0.977413815,-0.6086534153
0.012359871,-0.003425780975,61,33,-0.2460478688,0.8869492278
-0.002188635595,-0.01085056417,89,83,0.8052114321,-0.09940317352
0.007138385727,0.01194282511,97,61,-0.3075765844,-0.2714876683
0.003921255381,0.007655002234,71,93,-0.721590868,-0.2880847922
-0.007517956771,-0.0001300559245,83,93,0.376009588,0.987904799
-0.00559124406,-0.000474205245,83,95,0.535926743,0.9549505017
0.001711719956,-0.004305544464,99,89,-0.8305397244,0.6168065427
0.01276377929,-0.0002332639983,43,53,-0.4511574903,0.9876370081
0.00664591055,-0.005062504338,85,99,-0.4350976032,0.4988120705
-0.009945514068,0.009635157556,33,65,0.6717980358,-0.3737147588
-0.007056359455,0.0006266731551,89,59,0.3719840085,-0.9630262838
-0.009348602819,0.001365351608,74,63,0.3082033914,-0.9139828487
0.00351180552,-0.006772010247,93,56,-0.6734020866,0.6207674262
0.002767399187,0.01104879118,97,89,-0.7315622788,-0.0166575853
0.004900923617,-0.007621080625,87,97,-0.5736196453,-0.2607551794
-0.009906760521,0.006417010797,97,87,0.03904422948,0.4417200607
0.005883589317,0.008109290788,91,85,-0.4645933721,-0.310710283
0.00881424806,0.00627570764,79,56,0.3036744032,0.6485603722
0.01060661947,-0.001591310932,89,83,-0.05601086717,0.8679211927
0.004799343695,0.004658240052,94,65,-0.5488616927,-0.6972143966
-0.005142417683,0.01077206408,91,85,0.5320399908,-0.08437455296
0.0139003905,-0.003288639306,61,95,-0.1520761795,0.6875792659
0.004333743004,-0.000161953958,83,77,-0.6402993307,0.9875295452
-0.008474486647,-0.0008258264714,79,92,-0.3305155549,0.9240239646
0.005592523068,-0.003477151764,61,100,-0.6588560928,-0.6522848236
-0.006284422654,-0.005013294538,95,77,0.4029798479,0.6139763206
0.002546085669,-0.01094811464,61,90,-0.8446887742,-0.01466968198
-0.001897262165,0.005967531676,71,87,0.8652943863,-0.4808247442
-0.001019541464,-0.001158023366,75,71,0.9235343902,0.917780341
-0.009257423513,-0.003458140177,99,67,0.08351507225,-0.7683046081
0.002734762096,0.002314415709,55,87,-0.8495880847,-0.7986458333
0.01167990198,0.001803707261,59,97,-0.3108857829,-0.8250403957
-0.02995521131,-0.005966263079,30,79,-0.1013436608,-0.5286652168
-0.008447019046,-0.005235059332,93,77,0.2144272288,-0.5969004314
-0.01707410002,-0.003725890994,51,77,0.1292208989,0.7131063934
-0.006740513076,-0.007290549289,77,97,0.4809804932,-0.292816719
-0.009899584608,0.003210034093,95,62,-0.05953946222,0.8009778863
0.006809795793,0.004056776513,93,83,-0.3666889912,-0.6632875494
-0.0007481094374,0.008278073363,98,95,0.9266852751,-0.2135830305
0.006359683213,-0.008636067838,99,97,-0.3703913619,0.1623014197
-0.00113435989,0.002221684309,96,55,0.8911014505,-0.877807363
0.007872301712,0.005073019916,71,83,-0.4410665784,-0.578939347
-0.001835553828,0.007715175495,97,45,0.8219512787,-0.6528171027
0.001891247107,-0.003473821154,97,83,-0.8165490306,0.7116728442
0.01716985214,-0.0006550868201,49,33,-0.1586772451,0.9783821349
-0.004207369242,-0.004470628376,59,74,0.7517652147,-0.6691735001
0.003008353886,0.000374631307,83,93,-0.7503066275,-0.9651592885
0.007550744765,0.009056539311,44,45,-0.6677672303,-0.592455731
-0.01030414616,0.005460252459,87,79,0.103539284,-0.5686400558
-0.003983639663,0.006320234211,43,87,0.8287034945,0.4501396236
0.0060829796,-0.01618147847,45,56,-0.726265918,0.09383720565
0.003731992359,-0.003917762011,97,85,-0.6379967412,0.6669902291
-0.01069000688,-0.006652689023,79,89,0.1554894568,0.4079106769
0.007518783042,-0.0110789626,77,67,0.4210537058,0.257709506
-0.006758295027,0.005304512676,74,67,0.499886168,-0.6445976507
0.0008915984387,0.003904274887,87,89,-0.9224309358,-0.6525195351
0.009571712814,0.00332104469,72,77,0.3108366774,-0.7442795588
-0.00088853835,-0.008798812956,85,99,0.9244742402,0.1289175174
-0.006645801408,0.002508994805,93,95,0.3819404691,-0.7616454935
0.01067235061,0.002432484344,92,87,-0.01814374359,-0.788373862
-0.007532839441,-0.005315643051,97,41,0.2693145742,0.7820586349
-0.004107620619,0.009842621306,43,97,0.8233723134,-0.04526573332
-0.006704803513,-0.008118771446,89,92,0.4032724873,-0.253073027
0.00290893805,-0.00340868987,91,95,-0.7352866375,0.6761744623
-0.005980583442,0.003759519782,97,83,-0.4198834062,-0.6879598581
-0.008377369202,0.001611318729,76,61,0.3633199407,-0.9017095575
0.003846598128,0.009508745794,56,95,-0.7845905048,-0.09666914959
